SKU;ID Tiny;Estoque
8.09.03.77.01;811837193;43
8.25.01.03.01;812028902;10
8.03.01.07.27;809543786;4
8.09.02.102.27;811836188;4
8.25.02.37.06;809548161;4
8.03.71.18.00;809541385;3
8.06.02.03.80;811384412;3
8.09.04.121.10;811833495;3
8.13.33.04.00;812013219;3
8.25.135.01.00;809540794;3
8.25.81.01.00;812028013;2
8.01.01.15.18;809551262;2
8.03.71.07.00;809542465;2
8.04.01.14.01;811364339;2
8.04.03.10.10;811363616;2
8.04.03.22.07;811364205;2
8.04.03.27.10;811364293;2
8.06.02.01.80;809129107;2
8.07.01.01.01;811817349;2
8.07.01.31.27;811815582;1
8.07.03.15.10;809129348;2
8.07.04.51.10;811814678;2
8.09.01.64.01;811857145;2
8.09.01.86.10;812029479;2
8.09.04.109.57;811845300;2
8.09.04.120.10;811845145;2
8.09.24.01.01;909320017;2
8.13.33.06.00;812026690;2
8.13.33.07.00;812027261;2
8.13.33.08.00;812027234;2
8.13.33.11.69;812013309;2
8.25.101.01.16;811859347;2
8.25.101.02.07;811859353;2
8.01.103.02.11;809550306;1
8.03.71.06.00;809542637;1
8.04.01.07.50;811364459;1
8.04.01.12.108;811364392;1
8.04.02.07.106;811363952;1
8.04.03.19.07;811364880;1
8.06.01.07.01;811384145;1
8.06.04.12.10;811377442;1
8.07.01.32.01;811815558;-1
8.07.01.33.01;811815115;1
8.07.02.01.01;811815423;-1
8.07.03.11.01;811387184;1
8.07.03.16.01;811815408;1
8.07.04.41.01;811817003;1
8.07.23.16.10;811814877;1
8.09.01.01.01;811833153;1
8.09.01.02.10;811833157;1
8.09.01.59.01;811369606;1
8.09.01.85.01;812029457;1
8.09.03.115.01;811832480;1
8.09.03.42.00;811836832;1
8.09.03.93.01;812029328;1
8.09.03.95.10;811832494;1
8.09.04.94.07;811844478;1
8.09.103.03.01;811833694;1
8.09.23.68.10;811840906;1
8.12.98.05.00;812029029;1
8.24.53.30.07;811860385;1
8.24.86.08.11;811996918;1
8.24.91.05.00;809541190;1
8.25.101.05.11;811859385;1
8.25.53.31.95;811850235;1
8.25.57.124.00;812009842;1
8.30.57.03.00;809549892;1
21.14.50.118.00;914224913;0
21.14.50.119.00;914225233;0
21.14.50.122.00;914225902;0
21.14.50.123.00;914219383;0
21.14.50.125.00;914219417;0
21.14.50.1353.06;914219475;0
21.14.50.1355.07;914219503;0
21.14.50.1356.18;914219524;0
22.25.168.01.06;914224181;0
24.25.49.02.10;809693750;0
6.28.25.173.69;914218984;0
6.28.60.07.110;914225747;0
6.28.60.08.70;914225755;0
6.28.60.09.114;914225778;0
6.28.60.10.114;914218969;0
6.28.60.13.08;914215549;0
6.28.60.14.72;914225798;0
6.28.60.15.11;914215577;0
6.28.60.18.70;914215605;0
6.28.60.20.07;914217132;0
6.28.60.23.69;914219002;0
8.01.01.02.24;914217182;0
8.01.01.11.27;809551157;-1
8.01.01.12.24;809551122;0
8.01.01.13.10;809551226;0
8.01.01.14.11;809551195;0
8.01.01.16.18;809551098;0
8.01.01.17.10;809550470;0
8.01.01.20.10;914220569;0
8.01.03.01.07;809551361;0
8.01.03.02.18;809551385;0
8.01.03.03.06;811356872;0
8.01.03.04.01;811356972;0
8.01.04.01.10;809552398;0
8.01.04.02.07;809552394;0
8.01.103.01.10;809550291;0
8.01.103.03.07;809550258;0
8.01.28.08.06;812012464;0
8.01.28.10.06;809550982;0
8.01.28.15.06;809550596;0
8.01.28.16.06;812010976;0
8.01.28.18.10;811356125;0
8.01.28.21.00;811356312;0
8.01.28.22.07;811355649;0
8.01.28.23.18;811355887;0
8.01.28.24.95;809551017;0
8.01.28.25.00;809550664;0
8.01.28.26.00;809550684;0
8.01.28.27.00;809550800;0
8.01.28.28.00;809550870;0
8.01.28.30.18;809550457;0
8.01.28.31.10;914225518;0
8.01.28.32.10;914225538;0
8.01.39.01.06;809550530;0
8.01.39.02.06;809550556;0
8.01.39.03.05;809550582;0
8.01.39.04.06;809547566;0
8.01.39.07.00;811356399;0
8.01.39.08.06;914223259;0
8.01.39.09.18;914223276;0
8.01.39.10.07;914223297;0
8.01.39.11.18;914226364;0
8.01.47.01.07;809552192;0
8.01.47.02.18;809551878;0
8.01.47.03.10;809550228;0
8.01.47.07.07;809552217;0
8.01.53.01.27;817775163;0
8.01.53.07.07;914216104;0
8.01.54.01.07;809550539;0
8.01.57.01.07;811355530;0
8.01.57.02.10;914221214;0
8.01.57.03.10;914219550;0
8.01.57.04.07;914219560;0
8.01.57.05.18;914219574;0
8.01.70.06.07;914225391;0
8.01.70.07.18;914225403;0
8.01.70.12.18;809552449;0
8.01.70.16.07;809552589;0
8.01.71.03.10;809551403;0
8.01.71.04.18;812010523;0
8.01.71.05.07;812010512;0
8.01.71.06.07;809551440;0
8.01.71.07.18;809551614;0
8.01.71.19.07;809552359;0
8.01.74.02.57;809552318;0
8.01.74.03.10;809552338;0
8.01.74.04.06;809552402;0
8.01.74.05.10;809552535;0
8.01.74.06.18;809552558;0
8.01.74.07.11;809551413;0
8.01.74.08.10;809550498;0
8.01.74.09.10;811356569;0
8.01.74.10.18;811356701;0
8.01.74.11.10;809552498;0
8.01.74.12.07;811356764;0
8.01.74.14.07;811356489;0
8.01.74.15.07;914221919;0
8.01.74.16.07;914224196;0
8.01.74.17.10;914225868;0
8.01.93.01.06;809551819;0
8.01.93.04.07;809551846;0
8.02.01.01.01;914221862;0
8.02.01.05.00;811358306;0
8.02.02.02.30;811357362;0
8.02.02.03.01;811357524;0
8.02.02.04.01;914225252;0
8.02.02.06.01;914226025;0
8.02.03.01.01;914226015;0
8.02.161.01.01;914221913;0
8.02.18.03.00;811938270;0
8.02.18.04.00;811855417;0
8.02.23.01.00;811358463;0
8.02.23.03.01;914221089;0
8.02.68.01.01;811357423;0
8.02.84.01.01;811357754;0
8.03.01.01.27;809541971;0
8.03.01.02.82;809541821;0
8.03.01.03.18;809543860;0
8.03.01.04.01;809543899;0
8.03.01.05.18;809543821;0
8.03.01.08.27;809543946;0
8.03.01.09.01;909753326;0
8.03.01.10.10;909753338;0
8.03.01.11.10;914287352;0
8.03.01.12.10;914287631;0
8.03.02.12.91;817773864;0
8.03.02.13.27;811359777;0
8.03.02.15.107;817774570;0
8.03.02.17.80;817774179;0
8.03.02.18.01;817774121;0
8.03.02.21.01;811359550;0
8.03.02.22.80;811359641;0
8.03.02.23.01;914226037;0
8.03.02.24.01;811361471;0
8.03.02.25.01;811360108;0
8.03.02.26.10;811361556;0
8.03.02.27.10;811359848;0
8.03.02.28.01;811362333;0
8.03.02.29.10;811362264;0
8.03.02.30.01;914221943;0
8.03.02.31.11;914225266;0
8.03.02.32.10;909753024;0
8.03.02.47.01;811816611;0
8.03.03.15.10;811358745;0
8.03.03.16.01;811358813;0
8.03.03.17.01;811357817;0
8.03.03.18.18;811358873;0
8.03.03.21.07;811358673;0
8.03.04.02.01;811357630;0
8.03.04.43.01;811358162;0
8.03.04.47.07;811361597;0
8.03.04.48.07;811361611;0
8.03.04.49.10;811361622;0
8.03.04.50.01;811361654;0
8.03.04.51.18;811361686;0
8.03.04.52.08;811361731;0
8.03.04.58.10;914218452;0
8.03.04.59.01;811362129;0
8.03.04.60.07;811361951;0
8.03.04.61.18;811362212;0
8.03.04.62.10;811361990;0
8.03.04.63.18;811362244;0
8.03.04.65.10;811360627;0
8.03.04.66.18;811360702;0
8.03.04.67.01;811362178;0
8.03.161.01.10;914218914;0
8.03.23.03.57;809541522;0
8.03.23.04.10;809541569;0
8.03.23.05.01;809541604;0
8.03.23.06.01;811358036;0
8.03.23.07.10;811361237;0
8.03.26.01.10;811360403;0
8.03.28.11.01;811359957;0
8.03.28.20.01;809129030;0
8.03.28.23.01;811359973;0
8.03.28.25.01;811360085;0
8.03.28.26.18;811360098;0
8.03.28.29.01;811360550;0
8.03.28.31.18;811360586;0
8.03.39.01.01;811358364;0
8.03.39.03.01;809129054;0
8.03.39.04.10;811361793;0
8.03.39.05.10;811361753;0
8.03.47.01.10;809542905;0
8.03.47.02.10;809543979;0
8.03.54.01.01;811360317;0
8.03.57.01.69;809541233;0
8.03.57.03.69;914220984;0
8.03.57.04.69;914221529;0
8.03.68.01.01;811361172;-1
8.03.68.02.10;811361095;0
8.03.68.03.06;811358635;0
8.03.70.01.06;811924973;0
8.03.71.01.07;809542199;0
8.03.71.02.07;809542251;0
8.03.71.03.18;809542568;0
8.03.71.04.00;809542446;0
8.03.71.05.00;809542274;0
8.03.71.08.00;809542514;0
8.03.71.09.00;809542345;0
8.03.71.10.00;809542332;0
8.03.71.16.07;809541322;0
8.03.71.17.00;809541348;0
8.03.71.19.07;809541327;0
8.03.71.20.18;809541412;0
8.03.71.21.07;914221194;0
8.03.71.22.10;914221202;0
8.03.74.01.01;811358301;0
8.03.74.01.10;809542724;0
8.03.74.02.01;811357953;0
8.03.74.02.10;809540412;0
8.03.74.03.01;811360220;0
8.03.74.04.01;811359377;0
8.03.74.06.01;811359522;0
8.03.74.07.01;811816866;0
8.03.74.12.01;811359310;0
8.03.76.01.01;811357759;0
8.03.76.03.10;811360460;0
8.03.76.04.01;811360487;0
8.03.76.05.10;811360763;0
8.03.76.06.01;811360824;0
8.03.76.07.01;811859328;0
8.03.84.01.01;811358631;0
8.03.91.08.10;812031577;0
8.04.01.11.27;811365564;0
8.04.01.15.10;811849045;0
8.04.01.69.01;811848916;0
8.04.02.02.80;817773951;0
8.04.02.03.27;817774350;0
8.04.02.06.11;811361413;0
8.04.02.08.01;811927869;0
8.04.02.09.11;811364047;0
8.04.02.10.11;811928059;0
8.04.02.11.12;914218684;0
8.04.03.03.07;914217227;0
8.04.03.06.57;811364940;0
8.04.03.11.00;811365849;0
8.04.03.13.10;811365764;0
8.04.03.14.07;811365697;0
8.04.03.15.10;811365321;0
8.04.03.17.18;811365400;0
8.04.03.20.18;811365002;0
8.04.03.23.18;811364148;0
8.04.03.25.18;811365440;0
8.04.03.28.18;811365897;0
8.04.04.01.07;811366272;0
8.04.04.02.18;811366337;0
8.04.04.04.10;811365226;0
8.04.04.05.07;811365043;0
8.04.04.06.18;811365110;0
8.04.04.07.18;811364815;0
8.04.04.08.10;811364772;0
8.04.04.09.07;811364708;0
8.04.04.10.10;811363517;0
8.04.04.11.10;811363559;0
8.04.04.12.06;811851348;0
8.04.04.14.06;811851396;0
8.04.04.15.18;811364599;0
8.04.04.16.07;811364571;0
8.04.04.17.01;914218783;0
8.04.169.01.07;914225609;0
8.04.169.03.10;914225619;0
8.04.18.01.01;811927158;0
8.04.23.04.27;811365969;0
8.04.23.05.27;914218060;0
8.04.23.06.07;914218074;0
8.04.23.10.07;811365497;0
8.04.23.12.10;811363836;0
8.04.23.13.07;811363703;0
8.04.23.14.10;811363894;0
8.04.23.16.01;914287881;0
8.04.23.17.10;914287896;0
8.04.24.01.01;811363057;0
8.04.28.01.18;914225436;0
8.04.28.15.10;811366417;0
8.04.33.01.00;914218400;0
8.04.39.03.18;811365938;0
8.04.39.04.00;811848959;0
8.04.53.04.00;811859256;0
8.04.53.05.00;811859236;0
8.04.53.16.10;811364511;0
8.04.53.17.10;811364671;0
8.04.53.18.01;811927679;0
8.04.61.01.10;811366165;0
8.04.61.02.10;811366118;0
8.04.61.03.11;811366044;0
8.04.61.07.10;811363326;0
8.04.61.08.10;811363352;0
8.04.61.09.10;914225322;0
8.04.61.10.10;914225306;0
8.04.74.01.10;811363375;0
8.04.74.04.10;811848888;0
8.04.74.05.01;811848902;0
8.04.74.07.01;811364096;0
8.04.76.02.10;811928158;0
8.04.76.03.10;811928188;0
8.04.76.05.01;811928149;0
8.04.76.06.11;811928225;0
8.04.76.07.01;811928174;0
8.04.77.02.10;811372779;0
8.04.77.03.10;914222104;0
8.04.92.05.10;914220376;0
8.04.92.06.10;914220384;0
8.04.92.07.01;914219254;0
8.05.01.12.00;811380877;0
8.05.01.13.27;811927303;0
8.05.01.16.18;811380974;0
8.05.01.17.57;811927549;0
8.05.01.18.27;809545020;0
8.05.01.19.17;809545057;0
8.05.02.05.80;811380695;0
8.05.02.06.27;914219850;0
8.05.02.08.27;914219876;0
8.05.02.09.18;914219819;0
8.05.02.10.10;811381061;0
8.05.02.11.10;811381206;0
8.05.02.12.11;811381159;0
8.05.02.13.12;914220653;0
8.05.02.14.12;914225678;0
8.05.03.01.07;909752859;0
8.05.03.02.18;909752871;0
8.05.03.15.07;809544394;0
8.05.03.16.18;914217497;0
8.05.03.17.07;809544211;0
8.05.03.18.18;809544258;0
8.05.04.01.18;809544941;0
8.05.04.02.07;809544905;0
8.05.04.03.07;809544974;0
8.05.04.04.17;809544978;0
8.05.04.06.18;914220676;0
8.05.04.07.07;914220692;0
8.05.23.01.11;811848296;0
8.05.24.01.00;811382475;0
8.05.26.02.18;811382214;0
8.05.28.01.00;914225448;0
8.05.28.02.11;914225461;0
8.05.28.09.10;809545191;0
8.05.28.10.18;809545218;0
8.05.33.02.07;809544681;0
8.05.33.03.18;809544864;0
8.05.47.01.01;809545008;0
8.05.47.02.10;809544999;0
8.05.53.06.00;811381888;0
8.05.54.01.10;809544074;0
8.05.61.01.116;811382590;0
8.05.61.02.72;811382618;0
8.05.61.03.89;811382537;0
8.05.61.04.07;811381331;0
8.05.61.05.08;811381516;0
8.05.61.06.07;811381397;0
8.05.61.07.18;811381430;0
8.05.61.08.07;811382366;0
8.05.61.09.117;811381711;0
8.05.61.10.69;811382266;0
8.05.61.11.10;811382658;0
8.05.61.12.11;811382768;0
8.05.61.18.11;809129244;0
8.05.61.21.10;811376789;0
8.05.61.23.10;811817175;0
8.05.61.24.10;811817154;0
8.05.61.27.10;914221144;0
8.05.61.28.10;914221178;0
8.05.62.01.07;811381585;0
8.05.70.03.07;914225410;0
8.05.70.04.10;914225423;0
8.05.74.01.10;811382054;0
8.05.76.01.10;811380523;0
8.05.76.03.10;811380580;0
8.05.95.01.01;811380593;0
8.05.95.02.06;811385787;0
8.06.01.01.08;811383751;0
8.06.01.02.11;811383613;0
8.06.01.05.27;811383680;0
8.06.01.06.18;811383323;0
8.06.01.08.11;811384262;0
8.06.01.09.01;811383108;0
8.06.01.16.07;811383218;0
8.06.02.04.06;811384516;0
8.06.02.05.18;914218501;0
8.06.02.06.12;914220708;0
8.06.02.07.12;914218853;0
8.06.03.11.07;811384572;0
8.06.03.12.10;811384666;0
8.06.03.13.18;811384799;0
8.06.03.14.06;811383839;0
8.06.03.15.10;811383959;0
8.06.03.16.07;811386727;0
8.06.03.17.18;811386752;0
8.06.04.03.07;811379907;0
8.06.04.04.18;811379960;0
8.06.04.05.07;811384901;0
8.06.04.05.18;811385143;0
8.06.04.05.57;811385050;0
8.06.04.06.10;811385247;0
8.06.04.07.06;811377539;0
8.06.04.08.10;811377657;0
8.06.04.09.06;811385469;0
8.06.04.10.10;811379656;0
8.06.04.11.16;811377366;0
8.06.04.13.01;914287277;0
8.06.04.14.18;914287300;0
8.06.04.15.01;914287330;0
8.06.04.16.01;812030271;0
8.06.04.17.10;812030253;0
8.06.04.18.18;812030285;0
8.06.04.19.01;812030828;0
8.06.04.20.10;812030772;0
8.06.04.21.18;812030885;0
8.06.04.22.10;811383413;0
8.06.04.23.18;811383524;0
8.06.04.25.01;914220799;0
8.06.103.01.10;811377106;0
8.06.103.02.16;811377038;0
8.06.103.03.57;811379458;0
8.06.103.04.10;811379585;0
8.06.103.05.11;811377791;0
8.06.103.06.57;811377703;0
8.06.103.07.10;811377750;0
8.06.23.01.00;914217903;0
8.06.23.01.08;811378279;0
8.06.23.04.07;811384345;0
8.06.23.05.57;811378194;0
8.06.23.07.01;811378494;0
8.06.23.08.11;811378563;0
8.06.23.09.07;811378665;0
8.06.23.10.01;811380037;0
8.06.23.11.11;811380117;0
8.06.23.12.07;811380161;0
8.06.23.13.11;809541659;0
8.06.26.03.18;811377675;0
8.06.28.13.80;811376626;0
8.06.28.14.95;811382917;0
8.06.28.15.00;811378366;0
8.06.28.16.00;811378453;0
8.06.28.17.00;811378402;0
8.06.39.05.07;811377288;0
8.06.39.06.07;811377213;0
8.06.39.07.01;811378995;0
8.06.39.08.06;811379079;0
8.06.39.09.11;811378951;0
8.06.39.11.10;811377839;0
8.06.39.12.11;811377878;0
8.06.39.13.06;811377962;0
8.06.39.14.05;811378138;0
8.06.39.15.57;811378073;0
8.06.39.16.07;811380421;0
8.06.39.17.08;811380263;0
8.06.39.18.06;811380338;0
8.06.39.20.07;811378190;0
8.06.39.23.18;914224089;0
8.06.39.24.18;914223184;0
8.06.39.25.07;914223196;0
8.06.39.26.18;914223212;0
8.06.39.27.10;914223228;0
8.06.39.28.10;914225695;0
8.06.39.29.01;914223240;0
8.06.53.09.10;811378746;0
8.06.53.14.10;914216802;0
8.06.54.01.01;811382881;0
8.06.74.01.10;811386669;0
8.06.74.04.07;811379170;0
8.06.74.05.18;811379820;0
8.06.76.01.06;811386756;0
8.07.01.02.01;809546521;0
8.07.01.17.33;912991008;0
8.07.01.26.01;914217839;0
8.07.01.34.27;811815040;-1
8.07.01.35.01;809547303;0
8.07.02.02.01;811818202;0
8.07.02.03.01;811815664;0
8.07.02.04.01;914218765;0
8.07.02.05.01;909753314;0
8.07.02.09.01;909752761;0
8.07.02.41.78;914217609;0
8.07.02.46.01;811815182;0
8.07.02.47.80;811816759;0
8.07.03.12.58;811387208;0
8.07.03.18.01;809547421;0
8.07.03.19.10;809547383;0
8.07.03.20.47;811385649;0
8.07.04.02.01;914218803;0
8.07.04.03.07;909753461;0
8.07.04.04.18;909753471;0
8.07.04.21.01;828554408;0
8.07.04.22.18;914286794;0
8.07.04.24.47;914217523;0
8.07.04.25.47;811818288;0
8.07.04.26.89;811818248;0
8.07.04.27.90;811816875;0
8.07.04.32.01;914286831;0
8.07.04.36.01;811817063;0
8.07.04.37.10;811816967;0
8.07.04.39.10;811818085;0
8.07.04.40.01;811818143;0
8.07.04.42.10;914218309;0
8.07.04.43.01;811372727;0
8.07.04.44.01;811816890;0
8.07.04.45.88;811816910;0
8.07.04.49.01;809546485;0
8.07.04.50.10;809546432;0
8.07.04.52.01;811814578;0
8.07.04.53.01;809547228;0
8.07.04.54.10;809547156;0
8.07.04.55.01;811816263;0
8.07.103.03.01;811817465;0
8.07.103.04.01;811817574;0
8.07.103.05.01;914287570;0
8.07.23.01.18;809546866;0
8.07.23.02.11;809547052;0
8.07.23.04.01;914218000;0
8.07.23.05.27;914218016;0
8.07.23.12.01;817775079;0
8.07.23.13.01;809546698;0
8.07.23.14.10;809546671;0
8.07.23.15.01;811814765;0
8.07.23.17.01;809546731;0
8.07.23.18.01;811817196;0
8.07.23.19.01;908306907;0
8.07.23.20.10;908306918;0
8.07.23.21.01;914221105;0
8.07.23.22.10;914221124;0
8.07.23.23.01;914287820;0
8.07.23.24.01;914287863;0
8.07.26.08.18;809546554;0
8.07.26.09.01;811816353;0
8.07.26.10.01;811360616;0
8.07.28.11.58;811817745;0
8.07.28.12.01;811387350;0
8.07.28.14.01;914225556;0
8.07.32.07.08;811816002;0
8.07.32.37.10;811814466;0
8.07.32.41.00;811816039;0
8.07.32.42.00;811814342;0
8.07.32.43.00;811387731;0
8.07.32.44.00;811815319;0
8.07.32.45.00;811815352;0
8.07.32.46.00;811815336;0
8.07.32.47.01;811815395;0
8.07.32.48.01;811387664;0
8.07.32.49.104;811387693;0
8.07.32.50.01;811815277;0
8.07.32.51.01;811816050;0
8.07.32.52.104;811816186;0
8.07.32.54.08;811387619;0
8.07.32.55.08;811387634;0
8.07.32.56.07;811387587;0
8.07.32.57.01;811815261;0
8.07.39.02.10;811815536;0
8.07.39.05.07;811361876;0
8.07.39.06.00;811361840;0
8.07.39.08.01;811361814;0
8.07.39.10.01;811815547;0
8.07.53.02.01;811817834;0
8.07.53.05.00;817773845;0
8.07.53.11.01;914215894;0
8.07.53.12.01;811815616;0
8.07.53.13.01;809547456;0
8.07.53.14.01;811816945;0
8.07.53.15.01;811817666;0
8.07.53.16.01;811360891;0
8.07.54.02.07;811817095;0
8.07.54.03.77;811817133;0
8.07.54.04.01;811387792;0
8.07.54.05.01;809547947;0
8.07.54.06.01;809547461;0
8.07.54.07.01;811387535;0
8.07.54.08.68;811386494;0
8.07.54.10.01;811814407;0
8.07.54.11.68;811816928;0
8.07.54.12.01;811814153;0
8.07.54.13.01;811387478;0
8.07.57.01.06;811915379;0
8.07.68.01.01;811816531;0
8.07.68.02.10;811816444;0
8.07.68.03.76;811359176;0
8.07.68.06.01;809546584;0
8.07.68.07.01;809547360;0
8.07.68.08.10;811817244;0
8.07.74.01.01;809546238;0
8.07.74.02.10;811386857;0
8.07.74.03.01;811387079;0
8.07.74.05.07;811815441;0
8.07.74.07.01;811385843;0
8.07.76.02.10;811814511;0
8.07.76.03.01;811814517;0
8.07.76.04.01;811814574;0
8.07.76.08.01;811817766;0
8.07.76.09.11;914218898;0
8.07.76.10.01;914225643;0
8.07.76.11.10;914221542;0
8.07.76.13.01;914222671;0
8.07.76.14.07;914222690;0
8.07.76.15.07;914222704;0
8.07.76.16.01;914222719;0
8.07.76.17.08;914222736;0
8.07.76.18.10;914219323;0
8.07.84.01.01;811817829;0
8.07.84.02.10;811376695;0
8.07.84.04.10;914287533;0
8.07.84.05.01;914287551;0
8.08.01.01.01;811819563;-1
8.08.01.24.01;811818931;0
8.08.01.25.27;811818962;0
8.08.04.01.01;811819447;0
8.08.04.02.10;811819330;0
8.08.04.03.10;811819311;0
8.08.23.01.01;811819432;0
8.08.23.02.07;811819000;0
8.08.23.03.10;811819057;0
8.08.23.04.01;811818774;0
8.08.28.01.10;811831656;0
8.08.30.01.01;914226347;0
8.08.30.02.10;914218640;0
8.08.30.03.11;914218669;0
8.08.47.02.01;811818853;0
8.08.47.06.10;811818894;0
8.08.47.07.01;811818881;0
8.08.47.09.10;811818663;0
8.08.47.13.92;811818909;0
8.08.47.20.01;811818901;0
8.08.53.02.10;811818761;0
8.08.53.04.01;811818862;0
8.08.74.01.10;811819354;0
8.08.74.02.01;811819376;0
8.08.98.01.07;811819259;0
8.08.98.02.07;811819275;0
8.08.98.05.06;812027836;0
8.08.98.06.08;811818621;0
8.08.98.07.01;811818689;0
8.08.98.08.07;811818732;0
8.08.98.09.10;811818726;0
8.08.98.10.18;811818632;0
8.09.01.03.01;811833145;0
8.09.01.04.10;811833149;0
8.09.01.05.01;811834785;0
8.09.01.06.10;811834909;0
8.09.01.07.10;909753066;0
8.09.01.08.01;909753091;0
8.09.01.09.01;909753206;0
8.09.01.10.01;909753219;0
8.09.01.100.83;811833609;0
8.09.01.101.27;812030602;0
8.09.01.102.57;812030656;0
8.09.01.103.27;812030679;0
8.09.01.104.01;817774402;0
8.09.01.105.01;817774713;0
8.09.01.11.10;909753229;0
8.09.01.12.01;914287599;0
8.09.01.27.35;914286767;0
8.09.01.28.31;817774242;0
8.09.01.36.58;817773822;0
8.09.01.45.83;817773907;0
8.09.01.53.100;817773800;0
8.09.01.54.01;811857853;0
8.09.01.73.11;817774510;0
8.09.01.76.16;914286932;0
8.09.01.78.01;811837254;0
8.09.01.79.27;811837286;0
8.09.01.80.01;914218361;0
8.09.01.89.01;811842740;0
8.09.01.94.27;914286986;0
8.09.01.96.35;812030523;0
8.09.01.97.01;812030568;0
8.09.01.98.27;817774447;0
8.09.01.99.07;817775113;0
8.09.02.01.10;811832327;0
8.09.02.02.01;811837701;0
8.09.02.03.10;811837740;0
8.09.02.04.01;811832651;0
8.09.02.05.01;811832656;0
8.09.02.06.10;811832705;0
8.09.02.07.10;914287753;0
8.09.02.08.10;914287493;0
8.09.02.100.106;811835686;0
8.09.02.101.27;811834642;0
8.09.02.103.27;811835850;0
8.09.02.104.10;811834320;0
8.09.02.105.10;811832290;0
8.09.02.106.01;811839958;0
8.09.02.107.80;811840150;0
8.09.02.108.01;811832742;0
8.09.02.109.80;811832789;0
8.09.02.11.10;914218824;0
8.09.02.110.10;817774617;0
8.09.02.111.10;811832614;0
8.09.02.112.01;811840509;0
8.09.02.113.80;811840605;0
8.09.02.114.11;811840653;0
8.09.02.115.01;811833061;0
8.09.02.116.80;811833110;0
8.09.02.117.01;811832882;0
8.09.02.118.11;811832939;0
8.09.02.12.10;909753052;0
8.09.02.123.10;812031936;0
8.09.02.124.01;811837775;0
8.09.02.128.10;914218876;0
8.09.02.129.10;914287519;0
8.09.02.13.57;909753101;0
8.09.02.130.01;909753241;0
8.09.02.131.01;909753258;0
8.09.02.132.10;909753270;0
8.09.02.133.01;909753280;0
8.09.02.134.01;909753291;0
8.09.02.135.10;909753304;0
8.09.02.14.10;909753178;0
8.09.02.16.57;909753202;0
8.09.02.66.27;817773745;0
8.09.02.67.01;817774002;0
8.09.02.69.27;817774765;0
8.09.02.72.01;914218325;0
8.09.02.74.01;828554385;0
8.09.02.76.80;914218422;0
8.09.02.80.27;828554317;0
8.09.02.81.01;828554260;0
8.09.02.82.80;828554362;0
8.09.02.83.01;914287003;0
8.09.02.83.76;817774908;0
8.09.02.84.80;817775324;0
8.09.02.85.01;817774820;0
8.09.02.86.76;914287031;0
8.09.02.88.01;914287253;0
8.09.02.89.01;828554465;0
8.09.02.91.01;828554266;0
8.09.02.92.00;828554340;0
8.09.02.93.01;817775255;0
8.09.02.94.00;828554441;0
8.09.02.95.01;811834505;0
8.09.02.96.106;811834573;0
8.09.02.97.01;811836001;0
8.09.02.98.106;811836121;0
8.09.02.99.01;811835567;0
8.09.03.01.10;914221898;0
8.09.03.02.10;909752907;0
8.09.03.03.07;909753062;0
8.09.03.04.01;909753077;0
8.09.03.05.18;909753087;0
8.09.03.100.01;812031433;0
8.09.03.102.01;914287096;0
8.09.03.104.01;817774316;0
8.09.03.105.10;914287205;0
8.09.03.108.07;811846041;0
8.09.03.109.18;811846197;0
8.09.03.110.18;811836857;0
8.09.03.111.18;811832559;0
8.09.03.112.10;811835383;0
8.09.03.113.01;811835511;0
8.09.03.114.10;811832461;0
8.09.03.117.01;914220731;0
8.09.03.118.01;914220767;0
8.09.03.119.10;914220785;0
8.09.03.12.07;909753194;0
8.09.03.120.01;914287397;0
8.09.03.121.01;914287416;0
8.09.03.122.10;914287439;0
8.09.03.123.01;909753481;0
8.09.03.124.01;909753491;0
8.09.03.13.01;914226381;0
8.09.03.31.01;811848146;0
8.09.03.58.57;914218031;0
8.09.03.72.57;811845813;0
8.09.03.73.10;811845878;0
8.09.03.74.01;811845967;0
8.09.03.78.07;811841078;0
8.09.03.79.01;811841134;0
8.09.03.80.18;811841314;0
8.09.03.81.07;811844900;0
8.09.03.82.01;809129498;0
8.09.03.83.18;811844926;0
8.09.03.87.10;811846954;0
8.09.03.88.01;811846998;0
8.09.03.92.00;812029377;0
8.09.03.92.10;811836927;0
8.09.03.96.00;914287059;0
8.09.04.100.10;812030432;0
8.09.04.101.01;811841615;0
8.09.04.102.10;811841445;0
8.09.04.105.57;812031176;0
8.09.04.106.18;812031288;0
8.09.04.110.01;811845340;0
8.09.04.111.10;811833161;0
8.09.04.112.01;811833214;0
8.09.04.113.10;812030383;0
8.09.04.114.01;812030405;0
8.09.04.115.01;811839790;0
8.09.04.116.01;811846125;0
8.09.04.117.01;811838937;0
8.09.04.118.10;811838860;0
8.09.04.119.01;811833299;0
8.09.04.122.57;811833398;0
8.09.04.123.01;811838692;0
8.09.04.124.92;811838557;0
8.09.04.125.08;812031807;0
8.09.04.127.01;914287459;0
8.09.04.128.01;914221962;0
8.09.04.129.01;909753410;0
8.09.04.130.57;909753420;0
8.09.04.131.01;914287925;0
8.09.04.132.10;914226404;0
8.09.04.18.07;812031121;0
8.09.04.19.18;812031258;0
8.09.04.20.08;812031306;0
8.09.04.64.01;812031220;0
8.09.04.66.109;914286855;0
8.09.04.67.10;812031078;0
8.09.04.68.07;812031021;0
8.09.04.70.68;817774659;0
8.09.04.71.68;817775023;0
8.09.04.72.68;828554494;0
8.09.04.73.68;817774958;0
8.09.04.74.68;817774065;0
8.09.04.75.68;914286878;0
8.09.04.76.01;812030329;0
8.09.04.77.10;812030309;0
8.09.04.78.18;812030356;0
8.09.04.79.07;914286904;0
8.09.04.83.10;811839209;0
8.09.04.84.01;811839159;0
8.09.04.85.18;811839247;0
8.09.04.88.10;817774870;0
8.09.04.89.18;914218296;0
8.09.04.93.07;811844717;0
8.09.04.95.10;811844622;0
8.09.04.96.01;811844659;0
8.09.04.97.18;811844692;0
8.09.04.98.08;811844701;0
8.09.04.99.01;812030458;0
8.09.103.02.10;811833765;0
8.09.103.05.10;811847144;0
8.09.103.06.01;811847190;0
8.09.161.01.10;914287770;0
8.09.18.01.01;811836766;0
8.09.18.02.57;811836758;0
8.09.18.03.18;811836770;0
8.09.18.05.07;811836754;0
8.09.18.06.11;811843762;0
8.09.23.31.10;812029922;0
8.09.23.40.27;812031336;0
8.09.23.41.27;812031363;0
8.09.23.43.27;812029584;0
8.09.23.44.01;812029649;0
8.09.23.45.27;812029777;0
8.09.23.47.27;914225659;0
8.09.23.50.27;914286962;0
8.09.23.55.10;811844810;0
8.09.23.56.10;811844843;0
8.09.23.57.10;914218588;0
8.09.23.58.01;811838161;0
8.09.23.59.01;811832350;0
8.09.23.60.10;811832331;0
8.09.23.61.01;811369699;0
8.09.23.62.01;811834781;0
8.09.23.63.10;811834775;0
8.09.23.64.01;811832395;0
8.09.23.65.10;811832364;0
8.09.23.66.01;812029610;0
8.09.23.67.01;811841005;0
8.09.23.71.01;914218748;0
8.09.23.72.01;910590653;0
8.09.23.73.10;914287374;0
8.09.23.74.01;910590651;0
8.09.23.77.01;909752881;0
8.09.23.78.10;909752892;0
8.09.28.58.58;811837327;0
8.09.28.65.01;811832267;0
8.09.28.66.10;811847838;0
8.09.28.67.18;811847758;0
8.09.28.68.01;811847915;0
8.09.28.69.00;811847930;0
8.09.28.70.10;811848087;0
8.09.28.71.01;811848103;0
8.09.28.81.01;914174470;0
8.09.28.82.01;914225598;0
8.09.28.83.18;914225577;0
8.09.28.84.01;914225628;0
8.09.30.02.10;914217690;0
8.09.30.11.01;811843058;0
8.09.30.13.10;811843304;0
8.09.30.14.18;811843387;0
8.09.30.35.80;914217800;0
8.09.30.40.80;811846539;0
8.09.30.44.01;914218270;0
8.09.30.47.01;811847106;0
8.09.30.48.00;811846504;0
8.09.30.49.10;811846586;0
8.09.35.04.00;812007236;0
8.09.35.05.00;811933526;0
8.09.35.13.00;812007227;0
8.09.39.01.57;811847253;0
8.09.39.02.01;811847265;0
8.09.39.04.01;811931432;0
8.09.39.07.01;811847641;0
8.09.39.08.10;811847510;0
8.09.39.11.01;807860900;0
8.09.39.12.10;811839050;0
8.09.39.14.18;811837358;0
8.09.39.15.57;811837510;0
8.09.39.18.01;811838273;0
8.09.39.20.10;811846284;0
8.09.47.01.06;809540809;0
8.09.47.07.07;812012535;0
8.09.47.08.18;812012542;0
8.09.47.11.06;812012421;0
8.09.47.13.01;811931882;0
8.09.47.14.10;811852478;0
8.09.47.15.10;811931964;0
8.09.47.18.01;812012513;0
8.09.47.19.89;811852365;0
8.09.47.20.01;811860210;0
8.09.47.21.01;811860219;0
8.09.47.22.10;811932695;0
8.09.53.01.01;811843929;0
8.09.53.10.01;914215917;0
8.09.53.15.00;811845715;0
8.09.53.23.07;811837559;0
8.09.53.24.08;828554239;0
8.09.53.25.01;914215936;0
8.09.53.27.01;817775211;0
8.09.53.30.10;811838453;0
8.09.53.33.01;809540539;0
8.09.53.36.00;811847280;0
8.09.53.37.00;811840706;0
8.09.53.38.01;811840765;0
8.09.53.39.00;811835138;0
8.09.53.40.00;811835221;0
8.09.53.41.01;811835314;0
8.09.53.42.01;828554291;0
8.09.53.43.01;811834771;0
8.09.53.44.01;811926982;0
8.09.53.45.01;811843453;0
8.09.53.46.01;809540621;0
8.09.54.01.01;811846727;0
8.09.54.13.01;811839097;0
8.09.57.01.06;809550064;0
8.09.68.01.01;811836696;0
8.09.68.02.10;811836647;0
8.09.68.03.01;811836736;0
8.09.68.04.76;809129428;0
8.09.68.05.06;811835050;0
8.09.70.18.07;914225352;0
8.09.70.19.10;914225361;0
8.09.70.21.07;914225370;0
8.09.74.01.01;811836593;0
8.09.74.04.10;811844384;0
8.09.74.05.01;811844975;0
8.09.74.06.01;811844471;0
8.09.74.07.110;811836618;0
8.09.74.09.00;811832000;0
8.09.74.10.10;811836782;0
8.09.74.11.01;811836804;0
8.09.74.18.10;914216822;0
8.09.74.19.01;914220481;0
8.09.76.01.01;811834076;0
8.09.76.02.01;811834137;0
8.09.76.03.10;811834214;0
8.09.76.06.01;811844099;0
8.09.76.07.10;811844155;0
8.09.76.09.11;811838131;0
8.09.76.10.10;811838219;0
8.09.76.12.01;811843848;0
8.09.76.17.01;811845507;0
8.09.76.20.01;811846446;0
8.09.76.21.10;811846308;0
8.09.76.24.11;811844244;0
8.09.76.25.10;811844011;0
8.09.76.26.10;811847335;0
8.09.76.28.01;811845403;0
8.09.76.29.01;811847241;0
8.09.76.30.01;811846304;0
8.09.76.36.01;811836349;-1
8.09.76.37.11;811836515;0
8.09.76.43.01;811836276;-1
8.09.76.44.10;811836396;-1
8.09.76.45.10;811846383;0
8.09.76.46.01;914287711;0
8.09.76.47.07;914287721;0
8.09.76.48.10;914287738;0
8.09.76.53.10;914225837;0
8.09.76.59.10;914287788;0
8.09.76.60.10;914287805;0
8.09.76.61.10;914225173;0
8.09.76.62.01;914226199;0
8.09.76.63.18;914226218;0
8.09.76.64.07;914226183;0
8.09.76.67.18;914225117;0
8.09.76.68.07;914225132;0
8.09.76.69.10;914224212;0
8.09.76.70.07;914225197;0
8.09.76.71.07;914225147;0
8.09.76.72.10;914223158;0
8.09.76.73.01;914220227;0
8.09.76.75.10;914220180;0
8.09.84.02.01;811848114;0
8.09.84.07.01;914223077;0
8.09.84.16.07;914223108;0
8.09.93.01.10;914220423;0
8.09.93.02.01;914220448;0
8.10.01.02.11;811848334;0
8.10.01.33.00;811848814;0
8.10.23.01.06;811848846;0
8.10.26.01.01;811358250;0
8.10.28.01.06;809546281;0
8.10.33.01.69;811848376;0
8.10.53.01.18;914215949;0
8.10.53.02.07;914215964;0
8.11.01.01.01;811926672;0
8.11.01.02.10;811926764;-1
8.11.01.03.01;811926565;0
8.11.01.04.01;811369574;0
8.11.02.02.79;914217567;0
8.11.04.01.07;811926405;0
8.11.04.02.10;811926433;0
8.11.04.03.01;811926456;0
8.11.160.03.08;914226308;0
8.11.160.04.08;914226447;0
8.11.160.05.02;914225719;0
8.11.160.06.02;914226465;0
8.11.160.08.57;914225966;0
8.11.160.09.57;914226476;0
8.11.160.11.76;914226487;0
8.11.160.12.76;914226510;0
8.11.160.14.07;914226520;0
8.11.160.18.07;914226531;0
8.11.160.19.113;914226544;0
8.11.160.20.113;914226321;0
8.11.160.21.18;914219635;0
8.11.160.23.18;914226569;0
8.11.160.24.18;914226331;0
8.11.160.25.18;914226589;0
8.11.160.26.18;914226598;0
8.11.160.29.02;914286610;0
8.11.160.30.07;914286627;0
8.11.160.31.07;914286641;0
8.11.160.32.07;914286679;0
8.11.160.33.07;914286697;0
8.11.160.34.07;914286710;0
8.11.160.35.07;914286727;0
8.11.164.01.113;914221992;0
8.11.164.02.08;914222010;0
8.11.164.03.12;914222030;0
8.11.164.05.11;914222052;0
8.11.164.06.07;914222073;0
8.11.23.03.11;811925613;0
8.11.23.04.18;811925609;0
8.11.23.05.18;811925641;0
8.11.23.06.17;811925617;0
8.11.23.07.01;811926606;0
8.11.30.02.80;811369483;0
8.11.30.04.00;914217763;0
8.11.33.01.11;909752920;0
8.11.33.02.18;909752933;0
8.11.33.03.17;909752961;0
8.11.33.04.11;909752971;0
8.11.33.05.18;909752982;0
8.11.33.06.17;909752994;0
8.11.47.01.18;811926502;0
8.11.47.04.111;811926488;0
8.11.47.08.01;811925598;0
8.11.47.09.10;811369551;0
8.11.47.10.05;811926371;0
8.11.47.11.10;811369321;0
8.11.92.01.00;811925837;0
8.11.92.02.00;811925951;0
8.11.92.03.00;811925972;0
8.11.92.04.00;811925996;0
8.11.92.05.00;811926188;0
8.11.92.06.00;811926202;0
8.11.92.07.00;811926220;0
8.11.92.08.00;811926240;0
8.11.92.09.00;811926294;0
8.11.92.10.00;811926306;0
8.11.92.11.00;811926327;0
8.11.92.12.00;811926336;0
8.11.92.13.00;811926350;0
8.11.92.14.00;811926360;0
8.11.92.15.00;811926086;0
8.11.92.16.00;811926114;0
8.11.92.17.00;811926160;0
8.11.92.18.00;811925819;0
8.11.92.19.00;811926021;0
8.11.92.20.00;811926233;0
8.11.93.01.07;811919105;0
8.11.93.02.11;811919115;0
8.11.93.03.18;811919131;0
8.12.01.01.10;811859277;0
8.12.01.02.06;811859045;0
8.12.01.04.06;812028858;0
8.12.01.05.01;812028767;0
8.12.01.07.06;811930546;0
8.12.01.09.01;809540978;0
8.12.01.10.06;812028818;0
8.12.01.11.06;812028927;0
8.12.01.12.06;812028951;0
8.12.01.13.06;812029002;0
8.12.01.14.01;812009876;0
8.12.01.15.01;812007403;0
8.12.01.17.06;812028873;0
8.12.01.18.06;811858962;0
8.12.01.19.01;811858912;0
8.12.01.20.01;914221050;0
8.12.01.21.01;914221072;0
8.12.01.22.01;914221883;0
8.12.01.23.06;914287677;0
8.12.04.01.06;914217479;0
8.12.47.01.06;811930511;0
8.12.47.02.06;811930536;0
8.12.47.03.06;812007615;0
8.12.47.04.06;812007848;0
8.12.47.06.10;812010593;0
8.12.74.03.01;812009480;0
8.12.74.04.06;811858972;0
8.12.74.05.06;811859017;0
8.12.86.01.00;812010059;0
8.12.98.02.06;811937538;0
8.12.98.03.00;812008193;0
8.12.98.04.00;812008369;0
8.13.33.01.00;809129601;0
8.13.33.02.00;812027064;0
8.13.33.03.00;812026666;0
8.13.33.05.00;812013130;0
8.13.33.09.00;812012638;0
8.13.33.10.69;812013063;0
8.13.33.12.69;812013096;0
8.13.47.04.69;812012850;0
8.13.47.06.69;812012907;0
8.13.47.08.07;812027384;0
8.13.47.10.69;812027391;0
8.13.47.12.18;811911683;0
8.13.47.13.70;812012767;0
8.13.47.14.07;812012756;0
8.13.47.16.11;812012780;0
8.13.47.18.69;812013560;0
8.13.47.21.11;812027025;0
8.13.47.22.07;812027042;0
8.13.47.23.69;812027407;0
8.13.53.01.11;812013033;0
8.13.53.02.69;812012975;0
8.13.57.01.69;812026704;0
8.13.57.02.69;811858786;0
8.13.57.03.69;812027325;0
8.13.57.04.69;812027318;0
8.13.57.05.69;914220368;0
8.13.57.06.69;914220862;0
8.13.57.07.18;914219594;0
8.13.74.01.06;812013009;0
8.13.98.02.69;812027302;0
8.13.98.05.69;812026756;0
8.13.98.06.69;812026795;0
8.13.98.07.69;812026997;0
8.13.98.08.69;812026813;0
8.13.98.09.69;812027464;0
8.13.98.10.69;812012721;0
8.14.110.04.11;811993491;0
8.14.110.05.18;811993447;0
8.24.111.02.00;811854177;0
8.24.120.15.00;811854034;0
8.24.128.01.18;914217053;0
8.24.128.02.18;914221395;0
8.24.128.03.18;914221413;0
8.24.128.04.07;914221426;0
8.24.128.05.07;914221439;0
8.24.128.06.07;914217076;0
8.24.128.07.18;914217085;0
8.24.128.08.18;914217097;0
8.24.128.09.07;914221458;0
8.24.128.10.10;914221472;0
8.24.128.11.11;914221485;0
8.24.128.12.18;914221500;0
8.24.128.13.18;914222966;0
8.24.128.14.11;914222987;0
8.24.128.15.07;914219269;0
8.24.128.16.10;914222909;0
8.24.128.17.11;914222931;0
8.24.128.18.18;914219285;0
8.24.128.19.18;914223002;0
8.24.128.20.11;914219300;0
8.24.148.01.76;914217032;0
8.24.148.02.11;914221386;0
8.24.148.03.18;914287475;0
8.24.149.06.11;914224838;0
8.24.149.09.07;914224853;0
8.24.149.19.18;914224561;0
8.24.149.21.10;914225280;0
8.24.149.23.57;914224250;0
8.24.149.25.11;914224867;0
8.24.149.26.18;914224874;0
8.24.149.27.18;914224887;0
8.24.149.28.07;914223367;0
8.24.149.29.11;914223380;0
8.24.149.30.57;914223395;0
8.24.149.31.07;914223417;0
8.24.149.32.18;914223474;0
8.24.149.33.11;914223496;0
8.24.149.34.18;914224813;0
8.24.149.35.76;914223778;0
8.24.149.36.57;914225068;0
8.24.149.37.07;914225027;0
8.24.149.38.16;914225047;0
8.24.149.39.07;914223511;0
8.24.149.40.18;914223516;0
8.24.149.41.10;914223522;0
8.24.149.42.11;914223527;0
8.24.149.43.18;914224899;0
8.24.149.44.76;914225058;0
8.24.149.45.57;914223545;0
8.24.149.46.07;914225104;0
8.24.149.47.16;914223566;0
8.24.149.48.18;914223611;0
8.24.149.49.10;914225213;0
8.24.149.50.11;914225093;0
8.24.149.51.18;914223654;0
8.24.149.52.76;914223668;0
8.24.149.53.06;914223699;0
8.24.149.54.07;914223714;0
8.24.149.55.18;914223745;0
8.24.149.56.07;914224575;0
8.24.149.57.07;914224592;0
8.24.149.58.57;914224627;0
8.24.149.59.11;914224642;0
8.24.149.61.10;914223761;0
8.24.149.62.76;914224379;0
8.24.149.63.07;914224418;0
8.24.149.64.07;914224505;0
8.24.149.65.18;914224446;0
8.24.149.66.18;914224474;0
8.24.149.67.07;914224235;0
8.24.149.68.18;914224267;0
8.24.149.69.11;914224290;0
8.24.149.70.18;914224303;0
8.24.149.71.76;914224338;0
8.24.149.72.57;914224657;0
8.24.149.73.07;914224672;0
8.24.149.74.07;914224695;0
8.24.149.75.18;914224725;0
8.24.149.76.10;914224736;0
8.24.149.77.11;914224751;0
8.24.149.78.18;914224770;0
8.24.149.79.76;914224787;0
8.24.23.02.69;811861030;0
8.24.23.03.18;811861050;0
8.24.23.04.02;811853500;0
8.24.23.05.18;811853527;0
8.24.23.06.18;811853614;0
8.24.23.07.08;811853698;0
8.24.23.08.110;811853479;0
8.24.23.09.16;811853417;0
8.24.23.10.07;811853466;0
8.24.23.11.07;811853446;0
8.24.23.12.69;811861270;0
8.24.23.13.18;811861283;0
8.24.23.14.02;811853887;0
8.24.23.15.18;811853921;0
8.24.23.16.18;811853964;0
8.24.23.17.08;811853977;0
8.24.23.18.110;811853867;0
8.24.23.19.16;811853731;0
8.24.23.20.07;811853841;0
8.24.23.21.07;811853819;0
8.24.23.22.69;811863879;0
8.24.23.23.18;811863928;0
8.24.23.24.02;811999863;0
8.24.23.25.18;812000058;0
8.24.23.26.18;812000276;0
8.24.23.27.08;812000474;0
8.24.23.28.110;811999677;0
8.24.23.29.16;811999464;0
8.24.23.30.07;811999556;0
8.24.23.31.07;811999510;0
8.24.23.32.69;811863983;0
8.24.23.33.18;811864040;0
8.24.23.34.02;812001077;0
8.24.23.35.18;812001275;0
8.24.23.36.18;812001513;0
8.24.23.37.08;812001736;0
8.24.23.38.110;812000842;0
8.24.23.39.16;812000733;0
8.24.23.40.07;812000778;0
8.24.23.41.07;812000754;0
8.24.23.44.114;811861313;0
8.24.23.45.62;811861296;0
8.24.23.46.07;811861575;0
8.24.23.47.10;914220620;0
8.24.23.48.07;914221600;0
8.24.23.49.11;914221605;0
8.24.23.50.18;914221620;0
8.24.23.51.57;914221642;0
8.24.23.52.07;914221653;0
8.24.23.53.11;914221676;0
8.24.23.55.57;914221697;0
8.24.23.56.07;914221713;0
8.24.23.57.11;914221728;0
8.24.23.58.18;914221738;0
8.24.23.59.57;914221752;0
8.24.23.60.07;914221780;0
8.24.23.61.11;914221784;0
8.24.23.62.18;914221799;0
8.24.23.63.57;914221810;0
8.24.23.64.07;914221821;0
8.24.23.66.10;909753350;0
8.24.23.67.10;909753365;0
8.24.23.68.07;909753383;0
8.24.23.69.18;909753396;0
8.24.23.70.11;909752847;0
8.24.23.71.00;909752854;0
8.24.24.10.00;811857452;0
8.24.26.02.06;811857440;0
8.24.33.01.17;909752798;0
8.24.33.02.11;909752810;0
8.24.33.03.18;909752824;0
8.24.47.01.07;811859948;0
8.24.47.02.18;811860013;0
8.24.47.13.07;811852625;0
8.24.47.14.18;811852630;0
8.24.47.15.07;811852616;0
8.24.47.16.18;811852621;0
8.24.47.20.07;811852541;0
8.24.47.21.10;811852548;0
8.24.47.22.18;811852559;0
8.24.47.23.07;811852569;0
8.24.47.24.10;811852605;0
8.24.47.25.18;811852611;0
8.24.47.26.07;811852705;0
8.24.47.28.18;811852718;0
8.24.47.29.07;811860148;0
8.24.47.31.03;811912138;0
8.24.47.32.06;811370802;0
8.24.47.35.06;811370996;0
8.24.47.36.03;812011801;0
8.24.53.02.00;811371257;0
8.24.53.03.00;811924075;0
8.24.53.06.00;811924199;0
8.24.53.09.00;811924254;0
8.24.53.10.07;811924057;0
8.24.53.11.18;811924084;0
8.24.53.12.07;811924168;0
8.24.53.13.18;914215708;0
8.24.53.14.07;811924226;0
8.24.53.15.18;811924273;0
8.24.53.16.18;811923818;0
8.24.53.17.07;811923792;0
8.24.53.18.18;811923864;0
8.24.53.19.07;811923835;0
8.24.53.20.18;811923896;0
8.24.53.21.07;811923884;0
8.24.53.22.00;811367564;0
8.24.53.23.00;811367358;0
8.24.53.24.00;811367325;0
8.24.53.25.00;811367368;0
8.24.53.26.00;811367399;0
8.24.53.27.00;811367504;0
8.24.53.28.00;811367427;0
8.24.53.29.00;811860399;0
8.24.53.31.18;811860410;0
8.24.53.33.00;811857021;0
8.24.53.37.00;811853103;0
8.24.53.38.00;811852950;0
8.24.53.40.00;811854260;0
8.24.53.41.11;811854251;0
8.24.53.42.18;914215716;0
8.24.53.43.113;811854192;0
8.24.53.44.00;811852670;0
8.24.53.45.00;811852634;0
8.24.53.47.17;811852653;0
8.24.53.48.11;811852688;0
8.24.53.49.00;811854140;0
8.24.53.50.00;811854089;0
8.24.53.51.17;811854099;0
8.24.53.52.11;811854151;0
8.24.53.53.18;914219672;0
8.24.53.55.18;811854017;0
8.24.53.56.07;811853999;0
8.24.53.59.00;914215738;0
8.24.53.60.00;812010393;0
8.24.53.60.07;811854204;0
8.24.53.63.00;811939368;0
8.24.53.64.00;811993535;0
8.24.53.65.00;914215763;0
8.24.53.66.16;811853095;0
8.24.53.67.11;811854389;0
8.24.53.68.07;914216153;0
8.24.53.70.08;811378856;0
8.24.53.71.07;811924137;0
8.24.53.72.18;811924105;0
8.24.53.73.00;811924318;0
8.24.53.74.07;811924301;0
8.24.53.75.18;811924309;0
8.24.53.83.69;914220812;0
8.24.53.84.18;914216866;0
8.24.53.85.07;914216874;0
8.24.53.86.69;914216886;0
8.24.53.87.113;914216896;0
8.24.57.02.00;811851714;0
8.24.57.03.70;811863238;0
8.24.57.04.18;811858737;0
8.24.57.06.18;812002074;0
8.24.57.07.07;811993234;0
8.24.57.08.18;811993186;0
8.24.57.10.07;811858573;0
8.24.57.11.18;811910268;0
8.24.57.12.07;811910319;0
8.24.57.13.07;811853128;0
8.24.57.16.18;811853134;0
8.24.57.17.07;811853169;0
8.24.57.19.18;811999396;0
8.24.57.20.07;811858269;0
8.24.57.21.18;811858288;0
8.24.57.22.11;811858299;0
8.24.57.23.18;811858256;0
8.24.57.24.07;811858184;0
8.24.57.25.00;811831765;0
8.24.57.26.07;811939827;0
8.24.57.27.18;811993302;0
8.24.57.31.18;811863209;0
8.24.57.35.18;811994007;0
8.24.57.36.07;811993796;0
8.24.57.41.00;811998063;0
8.24.57.42.18;811863307;0
8.24.57.43.18;811372794;0
8.24.57.44.00;811852329;0
8.24.57.45.18;811861959;0
8.24.57.48.11;811372841;0
8.24.57.49.07;811852748;0
8.24.57.50.07;811852781;0
8.24.57.51.18;811852811;0
8.24.57.52.18;811852849;0
8.24.57.53.00;811854076;0
8.24.57.54.00;811854054;0
8.24.57.55.00;811858509;0
8.24.57.57.18;811858701;0
8.24.57.58.00;811858757;0
8.24.57.59.18;811859598;0
8.24.57.60.11;811859630;0
8.24.57.61.00;811861008;0
8.24.57.64.07;811994618;0
8.24.57.65.18;811994968;0
8.24.57.67.18;811996573;0
8.24.57.69.07;811996938;0
8.24.57.71.03;811831684;0
8.24.57.72.11;811851687;0
8.24.57.73.07;811857045;0
8.24.57.74.10;811857057;0
8.24.57.75.18;811857096;0
8.24.57.76.69;811858336;0
8.24.57.77.69;811858379;0
8.24.57.78.03;811864818;0
8.24.57.79.69;811997381;0
8.24.57.80.69;811997516;0
8.24.57.81.69;811997631;0
8.24.57.82.69;811997831;0
8.24.57.83.69;811998025;0
8.24.57.87.69;811857663;0
8.24.58.01.03;811367158;0
8.24.58.02.03;811367208;0
8.24.58.03.03;811367195;0
8.24.58.04.03;811367173;0
8.24.58.05.03;811367223;0
8.24.58.06.03;811367239;0
8.24.58.07.03;811367270;0
8.24.58.09.03;811367308;0
8.24.58.11.03;811860339;0
8.24.58.12.03;811860344;0
8.24.58.13.03;811860236;0
8.24.58.15.03;811860820;0
8.24.58.16.03;811860313;0
8.24.58.17.03;811860994;0
8.24.58.19.06;809545596;0
8.24.58.23.06;811857394;0
8.24.58.31.07;811852909;0
8.24.58.32.03;811923924;0
8.24.58.34.03;914220341;0
8.24.58.43.18;811855576;0
8.24.58.44.18;811857120;0
8.24.58.45.07;811860241;0
8.24.58.49.00;914223169;0
8.24.58.50.03;811934633;0
8.24.58.51.03;811935299;0
8.24.58.52.03;811934909;0
8.24.58.53.03;811934566;0
8.24.58.54.03;811935494;0
8.24.58.55.18;811935264;0
8.24.58.56.07;811935052;0
8.24.70.01.18;811852885;0
8.24.70.03.07;811851833;0
8.24.70.07.00;811854957;0
8.24.70.10.18;811860769;0
8.24.70.15.18;811851444;0
8.24.70.17.18;812012604;0
8.24.70.18.18;811851539;0
8.24.70.26.00;811372888;0
8.24.70.28.18;811996880;0
8.24.70.29.07;811851871;0
8.24.70.30.18;811851878;0
8.24.70.42.00;811912075;0
8.24.70.45.07;811912422;0
8.24.70.46.18;811912471;0
8.24.70.47.07;811996853;0
8.24.70.52.00;811998669;0
8.24.70.54.07;811996209;0
8.24.70.55.18;811996301;0
8.24.70.65.00;914225373;0
8.24.72.01.00;811857563;0
8.24.72.02.00;811857641;0
8.24.72.07.00;811998239;0
8.24.72.08.00;811864101;0
8.24.72.09.08;811999054;0
8.24.72.10.113;811998988;0
8.24.72.100.00;812001995;0
8.24.72.101.00;812002015;0
8.24.72.102.00;811864551;0
8.24.72.103.00;811859705;0
8.24.72.105.00;811859740;0
8.24.72.106.00;811859754;0
8.24.72.107.00;811859770;0
8.24.72.108.00;811859696;0
8.24.72.109.00;811859647;0
8.24.72.110.00;811859655;0
8.24.72.111.00;811859663;0
8.24.72.112.00;811859682;0
8.24.72.113.00;811859689;0
8.24.72.114.00;811859641;0
8.24.72.115.00;811852991;0
8.24.72.116.00;811853089;0
8.24.72.117.00;811853003;0
8.24.72.118.00;811853023;0
8.24.72.119.00;811853053;0
8.24.72.12.07;812028227;0
8.24.72.120.00;811853083;0
8.24.72.121.00;811852975;0
8.24.72.122.00;811856901;0
8.24.72.13.08;811851570;0
8.24.72.16.16;811859537;0
8.24.72.32.00;811909742;0
8.24.72.37.07;811924417;0
8.24.72.38.18;811861917;0
8.24.72.42.18;811854529;0
8.24.72.44.07;811854304;0
8.24.72.45.18;811862649;0
8.24.72.51.08;811861889;0
8.24.72.52.16;812028212;0
8.24.72.57.18;811859844;0
8.24.72.58.11;811859804;0
8.24.72.62.18;811910415;0
8.24.72.65.08;811853194;0
8.24.72.67.00;809548991;0
8.24.72.69.00;811857624;0
8.24.72.76.00;809548914;0
8.24.72.77.00;809548931;0
8.24.72.78.00;809548958;0
8.24.72.79.00;809548975;0
8.24.72.80.00;809548903;0
8.24.72.81.00;811851638;0
8.24.72.82.00;811851648;0
8.24.72.83.00;811851661;0
8.24.72.84.00;811851679;0
8.24.72.85.00;811851625;0
8.24.72.86.00;811857531;0
8.24.72.87.00;811857549;0
8.24.72.88.00;811857507;0
8.24.72.89.00;811863498;0
8.24.72.90.00;811863541;0
8.24.72.91.00;811852490;0
8.24.72.92.00;811852496;0
8.24.72.93.00;812027478;0
8.24.72.94.00;811859870;0
8.24.72.95.00;811859881;0
8.24.72.96.00;811863433;0
8.24.72.97.00;811863392;0
8.24.72.98.00;811863473;0
8.24.72.99.00;812001976;0
8.24.86.06.18;811853236;0
8.24.86.07.11;811371406;0
8.24.87.04.00;811857824;0
8.24.89.01.07;811852724;0
8.24.89.13.00;811856524;0
8.24.91.02.00;809541164;0
8.24.91.03.00;809541203;0
8.24.91.04.00;809541221;0
8.24.91.06.00;812011855;0
8.24.91.07.00;812011864;0
8.24.92.01.113;809548283;0
8.24.92.02.18;809548307;0
8.24.92.06.00;809548343;0
8.24.92.07.00;811855539;0
8.24.92.08.00;811857909;0
8.24.92.09.00;811857932;0
8.24.92.10.00;811857956;0
8.24.92.103.11;914216911;0
8.24.92.104.11;914216918;0
8.24.92.11.00;811857968;0
8.24.92.12.00;811857980;0
8.24.92.13.00;811857986;0
8.24.92.15.00;811858053;0
8.24.92.16.00;811858077;0
8.24.92.18.00;811858100;0
8.24.92.19.00;811858105;0
8.24.92.20.00;811858319;0
8.24.92.35.00;811910729;0
8.24.92.36.00;811910772;0
8.24.92.38.00;811910831;0
8.24.92.39.00;811910864;0
8.24.92.40.00;811910877;0
8.24.92.43.00;811910923;0
8.24.92.51.00;811995296;0
8.24.92.52.00;811995510;0
8.24.92.53.00;811995670;0
8.24.92.54.00;811995803;0
8.24.92.55.00;811995875;0
8.24.92.56.00;811995968;0
8.24.92.57.00;811996136;0
8.24.92.58.00;811996790;0
8.24.92.61.00;811996811;0
8.24.92.63.00;811996829;0
8.24.92.64.00;811996842;0
8.24.92.65.11;811858035;0
8.24.92.66.00;811857882;0
8.24.92.67.00;811857887;0
8.24.92.68.00;811857893;0
8.24.92.69.00;811912561;0
8.24.92.70.00;811919091;0
8.24.92.71.00;811919068;0
8.24.92.72.00;811858042;0
8.24.92.73.00;811912626;0
8.24.92.74.00;811912705;0
8.24.92.75.00;811362899;0
8.24.92.76.00;811362947;0
8.24.92.77.00;811363001;0
8.24.92.78.00;811912525;0
8.24.92.79.00;811912486;0
8.25.01.01.01;812009610;0
8.25.01.01.06;809548230;0
8.25.01.02.01;812010015;0
8.25.01.04.01;811857178;0
8.25.01.04.18;812011888;0
8.25.01.05.00;812011838;0
8.25.01.05.10;809543071;0
8.25.01.06.00;812031688;0
8.25.01.07.00;812031678;0
8.25.01.08.06;914217861;0
8.25.01.08.18;811931322;0
8.25.01.09.00;809543566;0
8.25.01.10.01;812028685;0
8.25.01.11.00;812007970;0
8.25.01.11.10;809541042;0
8.25.01.13.00;809541352;0
8.25.01.13.06;811854882;0
8.25.01.14.00;809541361;0
8.25.01.14.07;811924812;0
8.25.01.15.18;811924790;0
8.25.01.16.06;809546179;0
8.25.01.17.06;809546098;0
8.25.01.18.06;811864707;0
8.25.01.19.07;811909417;0
8.25.01.20.18;811909485;0
8.25.01.21.07;812010113;0
8.25.01.22.18;812010073;0
8.25.01.23.01;809540456;0
8.25.01.24.06;811855511;0
8.25.01.25.06;812008821;0
8.25.01.26.06;812009046;0
8.25.01.27.06;812010932;0
8.25.01.28.11;811831772;0
8.25.01.29.18;811831823;0
8.25.01.30.11;809540156;0
8.25.01.31.07;809540135;0
8.25.01.32.01;812028723;0
8.25.01.33.18;812028748;0
8.25.01.34.06;914218437;0
8.25.01.35.01;914218482;0
8.25.01.36.03;809546022;0
8.25.01.37.01;809545318;0
8.25.01.38.06;811914904;0
8.25.01.40.01;914221016;0
8.25.01.41.06;909753016;0
8.25.01.42.01;909753129;0
8.25.02.01.06;811852136;0
8.25.02.04.06;909752837;0
8.25.02.05.01;909753124;0
8.25.02.06.06;909753162;0
8.25.02.07.01;909753168;0
8.25.02.35.06;811916111;0
8.25.02.36.06;812032702;0
8.25.02.38.06;811916130;0
8.25.100.01.00;809545886;0
8.25.100.02.00;811852309;0
8.25.100.03.00;811914502;0
8.25.100.04.00;811914483;0
8.25.100.05.00;809545259;0
8.25.100.06.00;811857131;0
8.25.101.03.07;811859366;0
8.25.101.04.18;811859374;0
8.25.105.02.01;811931928;0
8.25.105.04.18;914222166;0
8.25.105.05.10;914222179;0
8.25.105.06.11;914219056;0
8.25.105.07.17;914222190;0
8.25.105.08.06;914222195;0
8.25.105.09.17;914222201;0
8.25.105.10.10;914222212;0
8.25.105.11.16;914222223;0
8.25.105.12.10;914222238;0
8.25.106.04.07;811924607;0
8.25.108.01.00;812011082;0
8.25.108.02.00;914223796;0
8.25.113.01.10;811832096;0
8.25.113.05.10;811832253;0
8.25.124.04.00;811862234;0
8.25.124.12.00;811832080;0
8.25.135.02.00;811852252;0
8.25.135.03.00;809540630;0
8.25.135.04.00;914224112;0
8.25.135.05.00;914224122;0
8.25.142.01.69;811368190;0
8.25.142.02.69;811368266;0
8.25.142.03.69;811368231;0
8.25.142.04.69;811368099;0
8.25.142.05.69;811368441;0
8.25.142.06.69;811368351;0
8.25.142.07.69;811368291;0
8.25.142.08.69;811368058;0
8.25.142.09.69;811368399;0
8.25.142.10.69;811367701;0
8.25.142.12.69;811367657;0
8.25.142.13.18;811367786;0
8.25.142.14.11;811367716;0
8.25.142.16.01;811367879;0
8.25.142.17.16;811367922;0
8.25.142.19.18;811367822;0
8.25.142.20.18;811368026;0
8.25.142.21.69;811367986;0
8.25.167.01.00;914225246;0
8.25.23.10.07;811924351;0
8.25.23.11.18;811924377;0
8.25.23.15.00;914217635;0
8.25.23.26.10;811924361;0
8.25.35.04.00;812028979;0
8.25.35.06.00;811856838;0
8.25.35.07.00;812009247;0
8.25.35.11.00;811925159;0
8.25.35.14.00;812028084;0
8.25.35.21.00;812009587;0
8.25.35.28.00;811857242;0
8.25.35.32.00;811929526;0
8.25.39.01.06;811862282;0
8.25.47.01.07;811857032;0
8.25.47.02.18;811857038;0
8.25.47.03.11;809549505;0
8.25.47.08.18;809549489;0
8.25.47.101.03;811861545;0
8.25.47.104.57;812008441;0
8.25.47.105.06;811861618;0
8.25.47.106.07;811368918;0
8.25.47.108.06;811860444;0
8.25.47.110.06;811915003;0
8.25.47.111.57;811851303;0
8.25.47.112.07;811368669;0
8.25.47.113.18;811368534;0
8.25.47.114.17;811368482;0
8.25.47.115.06;811370687;0
8.25.47.116.07;811914924;0
8.25.47.117.18;811914947;0
8.25.47.119.00;812011052;0
8.25.47.126.18;811924465;0
8.25.47.127.07;811914915;0
8.25.47.14.00;809549287;0
8.25.47.19.07;811928810;0
8.25.47.20.10;811928907;0
8.25.47.23.10;811909943;0
8.25.47.24.18;811910128;0
8.25.47.30.06;811914992;0
8.25.47.31.06;811916036;0
8.25.47.32.06;811916047;0
8.25.47.33.07;811857193;0
8.25.47.34.113;811857213;0
8.25.47.38.07;809545346;0
8.25.47.42.10;811937381;0
8.25.47.43.01;812012391;0
8.25.47.44.01;914215651;0
8.25.47.45.01;811860425;0
8.25.47.46.01;811860186;0
8.25.47.47.71;811832102;0
8.25.47.48.18;809549085;0
8.25.47.51.11;809549738;0
8.25.47.53.07;809549597;0
8.25.47.55.18;809549626;0
8.25.47.56.18;809549552;0
8.25.47.57.06;809549571;0
8.25.47.59.72;809548861;0
8.25.47.60.11;809548882;0
8.25.47.64.18;914215669;0
8.25.47.66.92;811370170;0
8.25.47.67.01;811370288;0
8.25.47.68.10;811911426;0
8.25.47.69.10;811911472;0
8.25.47.78.07;812028072;0
8.25.47.79.16;812028051;0
8.25.47.85.07;809541436;0
8.25.47.86.18;809541461;0
8.25.47.90.18;809541793;0
8.25.47.95.71;812028779;0
8.25.47.96.06;811860451;0
8.25.47.97.03;811860463;0
8.25.47.98.03;811860475;0
8.25.47.99.06;811860647;0
8.25.53.01.00;812010051;0
8.25.53.02.00;914215979;0
8.25.53.04.00;812010413;0
8.25.53.09.00;811850275;0
8.25.53.10.00;811934984;0
8.25.53.100.00;811855185;0
8.25.53.101.00;811855175;0
8.25.53.102.00;812011495;0
8.25.53.103.00;811855144;0
8.25.53.104.00;809540896;0
8.25.53.105.06;914216195;0
8.25.53.106.00;811909534;0
8.25.53.107.18;811929641;0
8.25.53.108.07;811929633;0
8.25.53.109.113;811934458;0
8.25.53.110.11;811934557;0
8.25.53.111.18;811856803;0
8.25.53.112.00;812011456;0
8.25.53.113.00;809545244;0
8.25.53.114.07;811856542;0
8.25.53.12.00;811850267;0
8.25.53.128.00;809541097;0
8.25.53.129.00;809541106;0
8.25.53.13.00;811850282;0
8.25.53.15.00;811850377;0
8.25.53.16.00;811850362;0
8.25.53.17.00;811850330;0
8.25.53.18.00;811850304;0
8.25.53.19.00;811850350;0
8.25.53.20.00;811850324;0
8.25.53.21.00;811850370;0
8.25.53.22.00;811850343;0
8.25.53.23.00;811850317;0
8.25.53.24.00;812004722;0
8.25.53.25.00;812004679;0
8.25.53.26.00;812004696;0
8.25.53.27.95;811850118;0
8.25.53.28.114;811850128;0
8.25.53.29.114;811850396;0
8.25.53.30.114;811850165;0
8.25.53.31.00;914215992;0
8.25.53.32.114;811850205;0
8.25.53.33.95;811850147;0
8.25.53.34.114;811850138;0
8.25.53.35.00;812028103;0
8.25.53.35.114;811857349;0
8.25.53.36.00;812028095;0
8.25.53.37.00;811856773;0
8.25.53.38.00;811856744;0
8.25.53.39.00;809546197;0
8.25.53.40.00;812011043;0
8.25.53.41.00;809546084;0
8.25.53.42.00;811859306;0
8.25.53.45.00;811852470;0
8.25.53.46.00;811852441;0
8.25.53.50.00;811856461;0
8.25.53.51.00;811856452;0
8.25.53.52.00;811852381;0
8.25.53.53.00;811856428;0
8.25.53.54.00;811856437;0
8.25.53.55.00;811856481;0
8.25.53.57.07;811856407;0
8.25.53.63.00;812011098;0
8.25.53.64.00;914216008;0
8.25.53.66.00;812009466;0
8.25.53.69.00;914216020;0
8.25.53.76.00;914216052;0
8.25.53.77.00;914216071;0
8.25.53.84.00;811373685;0
8.25.53.86.00;811849230;0
8.25.53.87.11;811856446;0
8.25.53.88.00;811856469;0
8.25.53.89.07;811856494;0
8.25.53.90.18;811856509;0
8.25.53.91.06;914220323;0
8.25.53.92.00;812012207;0
8.25.53.93.00;812009944;0
8.25.53.94.00;811913180;0
8.25.53.95.00;812011648;0
8.25.53.96.00;812011956;0
8.25.53.97.00;812011981;0
8.25.53.98.00;812012084;0
8.25.53.99.00;812012121;0
8.25.54.01.17;809546324;0
8.25.57.01.07;809548762;0
8.25.57.02.00;809548674;0
8.25.57.03.00;809548713;0
8.25.57.04.00;812009670;0
8.25.57.05.00;812003456;0
8.25.57.06.00;812004879;0
8.25.57.07.00;812003350;0
8.25.57.08.00;812004597;0
8.25.57.09.00;812005035;0
8.25.57.10.00;811857267;0
8.25.57.100.00;811375964;0
8.25.57.102.00;811376199;0
8.25.57.103.00;811376250;0
8.25.57.104.00;809550116;0
8.25.57.105.00;811832173;0
8.25.57.106.00;811852209;0
8.25.57.107.07;811909200;0
8.25.57.108.18;811909239;0
8.25.57.109.11;811909289;0
8.25.57.11.00;812003045;0
8.25.57.111.11;811929735;0
8.25.57.112.18;811930043;0
8.25.57.114.07;811930351;0
8.25.57.115.18;811930370;0
8.25.57.116.00;811930752;0
8.25.57.117.00;811930839;0
8.25.57.118.00;811930585;0
8.25.57.119.00;811930878;0
8.25.57.12.00;812004242;0
8.25.57.120.00;811924613;0
8.25.57.121.00;811924627;0
8.25.57.122.00;811369873;0
8.25.57.123.00;811939772;0
8.25.57.126.10;811855258;0
8.25.57.127.00;811855360;0
8.25.57.128.00;811931898;0
8.25.57.129.10;811931988;0
8.25.57.13.00;809545898;0
8.25.57.130.01;811932251;0
8.25.57.132.07;812010528;0
8.25.57.133.18;812010541;0
8.25.57.134.00;812010792;0
8.25.57.135.06;812031495;0
8.25.57.136.06;812031696;0
8.25.57.137.69;811376296;0
8.25.57.138.69;811376345;0
8.25.57.139.06;811376430;0
8.25.57.14.00;809545961;0
8.25.57.140.07;811851307;0
8.25.57.141.18;811851321;0
8.25.57.142.03;811855582;0
8.25.57.143.57;811861593;0
8.25.57.144.06;811909142;0
8.25.57.145.06;811911275;0
8.25.57.146.05;811912267;0
8.25.57.147.16;811924456;0
8.25.57.148.18;811928747;0
8.25.57.149.11;811928790;0
8.25.57.15.00;809545928;0
8.25.57.150.69;812002211;0
8.25.57.151.07;812004675;0
8.25.57.152.69;812004767;0
8.25.57.153.69;812004826;0
8.25.57.154.69;812004849;0
8.25.57.155.06;812007057;0
8.25.57.157.06;812027929;0
8.25.57.158.01;812028898;0
8.25.57.16.00;811856629;0
8.25.57.161.00;811912770;0
8.25.57.162.06;811369792;0
8.25.57.163.18;809542137;0
8.25.57.164.07;809542107;0
8.25.57.165.06;811369753;0
8.25.57.17.00;811916146;0
8.25.57.179.06;811914856;0
8.25.57.18.00;811924441;0
8.25.57.180.07;811910955;0
8.25.57.181.18;811912834;0
8.25.57.182.11;811912923;0
8.25.57.183.06;811369946;0
8.25.57.184.10;812010553;0
8.25.57.185.18;812028591;0
8.25.57.186.11;812028531;0
8.25.57.187.18;812028417;0
8.25.57.188.07;812028480;0
8.25.57.189.69;811851232;0
8.25.57.19.00;812008332;0
8.25.57.190.69;811851253;0
8.25.57.20.00;811856679;0
8.25.57.202.07;914220893;0
8.25.57.203.18;914220919;0
8.25.57.204.07;914218924;0
8.25.57.205.07;914223811;0
8.25.57.206.10;914219340;0
8.25.57.207.07;914224186;0
8.25.57.208.18;914223821;0
8.25.57.21.16;812027986;0
8.25.57.23.18;809548786;0
8.25.57.24.11;809548817;0
8.25.57.25.18;811916096;0
8.25.57.26.07;811916067;0
8.25.57.27.01;809540935;0
8.25.57.28.00;811862086;0
8.25.57.29.07;809550172;0
8.25.57.31.18;812003613;0
8.25.57.32.07;812003340;0
8.25.57.33.18;812003717;0
8.25.57.34.00;811855632;0
8.25.57.35.11;812002166;0
8.25.57.36.07;811856592;0
8.25.57.37.18;811856625;0
8.25.57.38.16;812027969;0
8.25.57.39.16;812027982;0
8.25.57.42.06;811911039;0
8.25.57.46.17;812002774;0
8.25.57.47.69;809543810;0
8.25.57.48.57;812007245;0
8.25.57.49.57;812007273;0
8.25.57.50.07;811910311;0
8.25.57.51.01;811857303;0
8.25.57.52.06;811914882;0
8.25.57.54.00;811849471;0
8.25.57.55.00;809550186;0
8.25.57.56.00;812002543;0
8.25.57.59.03;809546004;0
8.25.57.60.11;812003290;0
8.25.57.61.18;811849922;0
8.25.57.63.07;811849519;0
8.25.57.64.18;811849744;0
8.25.57.65.07;811849402;0
8.25.57.66.00;811849437;0
8.25.57.68.07;811849969;0
8.25.57.70.07;811850075;0
8.25.57.71.00;811860114;0
8.25.57.72.07;811850018;0
8.25.57.73.18;811850029;0
8.25.57.74.07;811849488;0
8.25.57.75.00;811860064;0
8.25.57.76.18;811850005;0
8.25.57.77.07;811924502;0
8.25.57.78.00;811931769;0
8.25.57.80.18;811909087;0
8.25.57.83.07;811849991;0
8.25.57.84.18;811850101;0
8.25.57.85.07;811860092;0
8.25.57.86.00;811860078;0
8.25.57.88.00;811864663;0
8.25.57.89.10;809541481;0
8.25.57.90.10;809541715;0
8.25.57.91.00;809548385;0
8.25.57.92.00;809548394;0
8.25.57.93.00;809548410;0
8.25.57.94.00;809548486;0
8.25.57.95.07;809548507;0
8.25.57.96.18;809548548;0
8.25.57.97.00;809548611;0
8.25.57.98.00;809548637;0
8.25.57.99.00;811375859;0
8.25.58.01.00;812008661;0
8.25.58.02.00;812008515;0
8.25.58.03.00;811370407;0
8.25.58.14.00;811850465;0
8.25.58.18.00;811850552;0
8.25.58.22.18;811851130;0
8.25.58.24.06;811857409;0
8.25.58.25.07;811856890;0
8.25.69.01.00;809540885;0
8.25.69.02.00;811855465;0
8.25.69.03.00;811859317;0
8.25.69.04.00;811914550;0
8.25.69.05.00;812009647;0
8.25.69.06.00;811914531;0
8.25.69.07.00;811914525;0
8.25.69.08.00;811912746;0
8.25.69.09.00;811852346;0
8.25.69.10.00;812002119;0
8.25.69.13.00;812012161;0
8.25.69.14.00;812011487;0
8.25.69.16.00;811851953;0
8.25.69.17.00;811915031;0
8.25.69.19.00;811862322;0
8.25.69.20.00;811375839;0
8.25.69.21.00;811855204;0
8.25.69.22.00;811914540;0
8.25.69.23.00;811858768;0
8.25.69.24.00;811931026;0
8.25.69.25.00;811909038;0
8.25.69.26.00;811912331;0
8.25.69.30.00;914226303;0
8.25.69.31.00;914226253;0
8.25.69.32.00;914226268;0
8.25.69.33.00;914226281;0
8.25.70.03.00;812005635;0
8.25.70.04.07;811938706;0
8.25.70.06.01;809545301;0
8.25.70.08.07;811857345;0
8.25.70.09.00;811915058;0
8.25.70.10.07;811854912;0
8.25.70.11.10;811914842;-1
8.25.70.12.18;811854935;0
8.25.70.13.10;811854901;0
8.25.70.16.07;812005500;0
8.25.70.19.113;809549170;0
8.25.70.22.10;809545541;0
8.25.70.23.00;811818468;0
8.25.70.24.00;811855091;0
8.25.70.25.00;811855117;0
8.25.70.26.10;811855295;0
8.25.70.27.00;811857220;0
8.25.70.29.10;811859401;0
8.25.70.30.18;811859406;0
8.25.70.31.00;811910662;0
8.25.70.33.00;811911763;0
8.25.70.34.00;811914908;0
8.25.70.35.00;811916010;0
8.25.70.39.00;811930296;0
8.25.70.41.10;811938753;0
8.25.70.46.00;812004867;0
8.25.70.47.02;812005173;0
8.25.70.48.00;812005242;0
8.25.70.50.07;812005423;0
8.25.70.51.06;812009531;0
8.25.70.53.18;812010769;0
8.25.71.01.07;811924333;0
8.25.71.20.00;812012471;0
8.25.71.21.07;809543397;0
8.25.71.23.00;811930675;0
8.25.71.24.18;812012482;0
8.25.72.01.00;812004199;0
8.25.72.02.00;812004082;0
8.25.72.03.00;812003829;0
8.25.72.04.00;812003902;0
8.25.72.05.00;812003974;0
8.25.72.07.18;811857014;0
8.25.72.08.07;811856994;0
8.25.72.09.08;811857008;0
8.25.72.10.113;811856988;0
8.25.72.11.07;811857001;0
8.25.72.12.00;812004154;0
8.25.74.01.01;811857200;0
8.25.74.02.10;811857380;0
8.25.74.04.06;811914968;0
8.25.74.06.06;812008065;0
8.25.74.07.06;812031633;0
8.25.74.08.06;812031674;0
8.25.74.09.00;812031584;0
8.25.74.10.06;811832009;0
8.25.75.01.10;811362530;0
8.25.75.02.00;811362637;0
8.25.75.04.10;812011296;0
8.25.75.11.18;811831981;0
8.25.75.12.00;811832188;0
8.25.75.13.00;811832197;0
8.25.75.33.00;812028331;0
8.25.75.34.10;812028345;0
8.25.75.35.00;812028339;0
8.25.75.36.18;812028352;0
8.25.75.38.00;812011746;0
8.25.75.39.18;812011234;0
8.25.75.40.18;812011259;0
8.25.75.41.00;812011207;0
8.25.75.43.10;811832120;0
8.25.75.46.01;811832165;0
8.25.75.49.01;811832146;0
8.25.75.50.01;809543586;0
8.25.75.51.10;809543637;0
8.25.75.73.00;812028385;0
8.25.75.81.10;812028306;0
8.25.81.03.00;811924493;0
8.25.83.01.00;811370166;0
8.25.85.01.00;811851418;0
8.25.86.01.00;811370609;0
8.25.86.02.00;811370461;0
8.25.86.04.18;811849365;0
8.25.86.06.18;811849352;0
8.25.86.07.07;811849369;0
8.25.86.08.18;811856534;0
8.25.86.09.18;811856538;0
8.25.86.10.07;914225920;0
8.25.86.13.18;811850432;0
8.25.86.14.07;812002150;0
8.25.86.15.00;811849381;0
8.25.86.16.00;811850420;0
8.25.86.17.06;809540348;0
8.25.88.01.11;812011897;0
8.25.90.01.06;812032810;0
8.25.90.02.06;812032876;0
8.25.92.01.10;811916019;0
8.25.92.02.06;809547895;0
8.25.92.05.10;809550100;0
8.25.92.06.10;811931838;0
8.25.92.07.18;811931854;0
8.25.92.08.00;811931942;0
8.25.92.09.00;811932504;0
8.25.92.10.01;811932884;0
8.25.92.11.01;811933103;0
8.25.92.12.10;811939531;0
8.25.92.13.10;812032076;0
8.25.92.16.00;812032088;0
8.25.92.19.00;914221512;0
8.25.92.21.57;914223036;0
8.25.94.01.69;811928549;0
8.25.94.02.57;811929803;0
8.25.94.08.08;811930504;0
8.25.94.09.17;811930487;0
8.25.94.11.00;811930432;0
8.25.94.13.00;811928606;0
8.25.94.14.00;811928570;0
8.25.98.01.00;811909774;0
8.25.98.02.00;811911779;0
8.25.98.03.18;811911846;0
8.25.98.04.07;811910634;0
8.25.98.05.18;811910715;0
8.25.99.01.00;811938635;0
8.25.99.02.00;809540376;0
8.25.99.03.00;811852275;0
8.26.138.01.06;811917381;0
8.26.138.02.06;811917186;0
8.26.138.03.06;811917256;0
8.26.138.04.06;811917314;0
8.26.138.05.06;811916884;0
8.26.138.06.06;811917022;0
8.26.138.07.06;811917124;0
8.26.138.08.18;811918927;0
8.26.138.09.18;811918856;0
8.26.138.10.18;811918872;0
8.26.138.11.18;811918898;0
8.26.138.12.18;811918791;0
8.26.138.13.18;811918814;0
8.26.138.14.18;811918834;0
8.26.138.15.113;811919017;0
8.26.138.16.113;811918971;0
8.26.138.17.113;811918982;0
8.26.138.18.113;811918998;0
8.26.138.19.113;811918946;0
8.26.138.20.113;811918955;0
8.26.138.21.113;811918962;0
8.26.138.22.07;811918387;0
8.26.138.23.07;811918352;0
8.26.138.24.07;811918372;0
8.26.138.25.07;811918381;0
8.26.138.26.07;811918314;0
8.26.138.27.07;811918320;0
8.26.138.28.07;811918336;0
8.26.138.29.12;811918772;0
8.26.138.30.12;811918498;0
8.26.138.31.12;811918745;0
8.26.138.32.12;811918756;0
8.26.138.33.12;811918452;0
8.26.138.34.12;811918469;0
8.26.138.35.12;811918485;0
8.26.138.36.10;811918442;0
8.26.138.37.10;811918416;0
8.26.138.38.10;811918427;0
8.26.138.39.10;811918435;0
8.26.138.40.10;811918397;0
8.26.138.41.10;811918404;0
8.26.138.42.10;811918410;0
8.26.138.43.57;811916817;0
8.26.138.44.57;811916626;0
8.26.138.45.57;811916682;0
8.26.138.46.57;811916741;0
8.26.138.47.57;811916494;0
8.26.138.48.57;811916536;0
8.26.138.49.57;811916568;0
8.26.138.50.06;811916238;0
8.26.138.51.06;811916188;0
8.26.138.52.06;811916208;0
8.26.138.53.06;811916275;0
8.26.138.54.06;811916258;0
8.26.138.55.06;811916267;0
8.26.138.56.07;811918200;0
8.26.138.57.07;811918152;0
8.26.138.58.07;811918171;0
8.26.138.59.07;811918190;0
8.26.138.60.07;811918091;0
8.26.138.61.07;811918108;0
8.26.138.62.07;811918128;0
8.26.138.63.18;811918293;0
8.26.138.64.18;811918255;0
8.26.138.65.18;811918270;0
8.26.138.66.18;811918279;0
8.26.138.67.18;811918208;0
8.26.138.68.18;811918225;0
8.26.138.69.18;811918244;0
8.26.138.70.16;811916458;0
8.26.138.71.16;811916342;0
8.26.138.72.16;811916369;0
8.26.138.73.16;811916397;0
8.26.138.74.16;811916287;0
8.26.138.75.16;811916303;0
8.26.138.76.16;811916315;0
8.26.138.77.11;811918056;0
8.26.138.78.11;811917709;0
8.26.138.79.11;811917763;0
8.26.138.80.11;811917919;0
8.26.138.81.11;811917474;0
8.26.138.82.11;811917535;0
8.26.138.83.11;811917606;0
8.27.01.01.07;812032124;0
8.27.01.02.18;812032149;0
8.27.01.03.07;812032178;0
8.27.01.04.18;812032224;0
8.27.01.07.11;914217597;0
8.27.01.08.07;812032386;0
8.27.01.09.18;812032408;0
8.27.03.01.07;812032560;0
8.27.03.02.10;812032581;0
8.27.03.03.18;812032597;0
8.27.03.07.07;812032676;0
8.27.03.08.18;812032694;0
8.27.03.09.10;812032681;0
8.27.04.01.07;812032617;0
8.27.04.02.18;812032648;0
8.27.04.03.07;812032512;0
8.27.04.04.10;812032534;0
8.27.04.05.18;812032551;0
8.27.04.06.06;812032277;0
8.27.04.07.11;812032326;0
8.27.04.08.18;812032309;0
8.27.47.03.07;811924887;0
8.27.47.04.11;811924914;0
8.27.57.02.07;811924825;0
8.27.57.03.18;811924852;0
8.27.70.03.10;812010942;0
8.27.92.02.00;812032355;0
8.29.01.01.16;811855269;0
8.29.01.02.27;811855319;0
8.29.01.03.10;812010832;0
8.29.47.11.10;811357093;0
8.29.47.14.17;812010865;0
8.29.47.19.18;811357293;0
8.30.04.01.57;811848251;0
8.30.109.01.00;811849118;0
8.30.109.04.11;811849093;0
8.30.109.05.00;811930570;0
8.30.116.02.00;809545508;0
8.30.121.02.00;811929948;0
8.30.148.04.00;811930725;0
8.30.148.05.00;811930742;0
8.30.148.06.00;811930866;0
8.30.148.07.00;811371515;0
8.30.148.08.18;811371748;0
8.30.148.09.00;811371813;0
8.30.148.10.00;811372180;0
8.30.148.11.00;811371421;0
8.30.148.12.00;811371489;0
8.30.148.14.18;811372244;0
8.30.148.15.00;811372340;0
8.30.148.16.00;811372464;0
8.30.148.17.00;811372437;0
8.30.148.18.00;811372537;0
8.30.148.19.00;811372506;0
8.30.148.20.00;811373560;0
8.30.148.21.00;811373508;0
8.30.148.22.00;811371957;0
8.30.148.23.00;811372101;0
8.30.148.24.00;811371881;0
8.30.148.25.00;914220401;0
8.30.148.26.11;914221331;0
8.30.148.29.06;914221358;0
8.30.148.30.76;914221365;0
8.30.148.32.76;914221380;0
8.30.148.33.18;914216990;0
8.30.148.34.76;914217010;0
8.30.148.35.07;914219072;0
8.30.148.36.18;914219102;0
8.30.148.37.06;914222246;0
8.30.148.38.18;914222257;0
8.30.148.39.07;914222287;0
8.30.148.40.76;914219120;0
8.30.148.41.18;914222295;0
8.30.148.42.10;914219141;0
8.30.148.43.16;914219153;0
8.30.148.44.16;914222312;0
8.30.148.45.18;914222336;0
8.30.148.46.18;914222358;0
8.30.148.49.07;914222372;0
8.30.148.50.07;914219168;0
8.30.148.51.18;914222385;0
8.30.148.52.16;914222397;0
8.30.148.53.18;914222412;0
8.30.148.54.07;914219177;0
8.30.148.55.05;914222424;0
8.30.148.56.16;914222439;0
8.30.148.57.18;914222459;0
8.30.148.58.11;914222475;0
8.30.148.59.18;914222496;0
8.30.148.60.07;914222510;0
8.30.148.61.18;914219184;0
8.30.148.62.18;914222525;0
8.30.148.63.10;914222536;0
8.30.148.64.18;914222545;0
8.30.148.69.16;914219207;0
8.30.148.71.18;914222561;0
8.30.148.72.10;914222575;0
8.30.148.73.18;914222585;0
8.30.148.75.06;914222616;0
8.30.148.76.18;914222600;0
8.30.148.79.18;914223017;0
8.30.148.81.00;914223062;0
8.30.170.02.07;914219926;0
8.30.170.03.08;914219951;0
8.30.170.04.06;914219975;0
8.30.170.06.76;914219986;0
8.30.170.07.11;914220016;0
8.30.170.08.07;914220039;0
8.30.170.10.76;914220063;0
8.30.170.11.76;914220075;0
8.30.170.12.08;914220084;0
8.30.170.13.06;914220115;0
8.30.170.14.08;914220123;0
8.30.170.16.76;914220138;0
8.30.170.18.76;914219907;0
8.30.170.19.06;914220161;0
8.30.170.20.11;914219617;0
8.30.23.01.01;811847318;0
8.30.23.02.06;811847306;0
8.30.23.03.18;909753153;0
8.30.23.04.11;909753158;0
8.30.26.02.57;811915042;0
8.30.26.03.69;811852511;0
8.30.26.06.16;811858800;0
8.30.33.01.10;811849140;0
8.30.33.02.69;811925270;0
8.30.33.03.69;811925444;0
8.30.33.04.00;811925418;0
8.30.33.05.00;811925427;0
8.30.33.06.00;811925404;0
8.30.33.07.00;811925306;0
8.30.33.08.00;811925357;0
8.30.33.09.00;811925173;0
8.30.33.12.00;811925022;0
8.30.33.13.00;811925110;0
8.30.33.14.00;811925121;0
8.30.33.16.00;811373277;0
8.30.33.17.00;811373364;0
8.30.33.18.00;914217945;0
8.30.33.20.00;811375339;0
8.30.33.21.00;811375423;0
8.30.33.26.00;914217982;0
8.30.33.28.00;809545741;0
8.30.33.29.00;809545622;0
8.30.33.30.00;809545699;0
8.30.33.32.00;809545812;0
8.30.33.35.00;811373740;0
8.30.33.37.00;811375483;0
8.30.33.38.00;811375596;0
8.30.33.39.00;811375710;0
8.30.33.40.00;914218106;0
8.30.33.41.00;811925493;0
8.30.33.42.00;914218121;0
8.30.33.43.00;811375123;0
8.30.33.44.00;811375248;0
8.30.33.45.00;914218155;0
8.30.33.46.00;812006793;0
8.30.33.47.00;809545658;0
8.30.33.48.06;811925247;0
8.30.33.48.69;811373609;0
8.30.33.49.69;811818325;0
8.30.33.50.00;811372963;0
8.30.33.51.00;812028615;0
8.30.33.52.00;812031758;0
8.30.33.54.00;914220591;0
8.30.33.55.00;914220605;0
8.30.33.56.06;909753501;0
8.30.33.57.69;909753004;0
8.30.33.58.69;909753042;0
8.30.33.59.69;909753112;0
8.30.33.60.69;909753141;0
8.30.33.61.69;914226432;0
8.30.39.01.11;914223841;0
8.30.53.01.18;812006550;0
8.30.53.02.07;812006311;0
8.30.53.03.18;811935886;0
8.30.53.04.07;811935558;0
8.30.53.08.00;811925291;0
8.30.53.10.18;812006121;0
8.30.53.11.07;812005979;0
8.30.53.12.00;812006065;0
8.30.53.13.00;914220309;0
8.30.53.13.18;811934083;0
8.30.53.14.07;811933768;0
8.30.53.14.18;811915985;0
8.30.53.15.07;811915791;0
8.30.53.16.69;809545864;0
8.30.53.17.69;811372905;0
8.30.53.18.06;811847118;0
8.30.53.19.00;914215779;0
8.30.53.21.00;812012786;0
8.30.53.22.06;811924935;0
8.30.53.26.00;811857418;0
8.30.53.27.00;914215801;0
8.30.53.29.00;914215823;0
8.30.53.30.00;914219655;0
8.30.53.38.00;811938185;0
8.30.53.40.00;811848185;0
8.30.53.41.00;811924726;0
8.30.53.48.00;914215838;0
8.30.53.49.00;811369234;0
8.30.53.51.00;809544034;0
8.30.53.52.00;812027532;0
8.30.53.53.00;811924673;0
8.30.53.54.00;811931478;0
8.30.53.55.00;812011180;0
8.30.53.56.00;809540275;0
8.30.53.58.00;811931608;0
8.30.53.59.00;811372936;0
8.30.53.60.00;811857831;0
8.30.53.61.00;914215868;0
8.30.53.62.07;914220254;0
8.30.53.63.11;914220284;0
8.30.53.64.17;914220291;0
8.30.53.65.07;914220297;0
8.30.53.66.08;914220301;0
8.30.53.68.00;809545610;0
8.30.53.69.11;811367011;0
8.30.53.71.11;812027527;0
8.30.53.72.69;812028677;0
8.30.53.73.69;811373060;0
8.30.53.74.69;811373189;0
8.30.53.75.69;811373236;0
8.30.53.76.69;811373440;0
8.30.53.77.69;811373150;0
8.30.53.78.69;811373021;0
8.30.53.79.07;914220352;0
8.30.57.01.00;812011150;0
8.30.57.04.00;811928825;0
8.30.57.05.18;811366943;0
8.30.57.06.07;811366893;0
8.30.57.07.08;811366983;0
8.30.57.08.18;809549803;0
8.30.57.11.69;809549997;0
8.30.57.12.69;809549956;0
8.30.57.13.69;812011115;0
8.30.57.14.00;811929088;0
8.30.57.15.07;811928814;0
8.30.57.20.07;811928949;0
8.30.57.21.18;811929078;0
8.30.57.23.69;809547980;0
8.30.57.24.69;811366560;0
8.30.57.25.69;811366672;0
8.30.57.26.69;811366818;0
8.30.57.27.69;811914566;0
8.30.57.28.69;811928273;0
8.30.57.29.69;811928343;0
8.30.57.30.69;811928370;0
8.30.57.32.69;811928510;0
8.30.57.33.69;811855487;0
8.30.57.34.69;811856278;0
8.30.57.36.69;811936234;0
8.30.57.37.69;812032730;0
8.30.57.38.69;809544118;0
8.30.57.39.69;811855231;0
8.30.57.40.69;811914635;0
8.30.57.41.69;811914674;0
8.30.57.42.69;811914753;0
8.30.57.43.69;811914796;0
8.30.57.46.10;811924650;0
8.30.57.47.69;811913092;0
8.30.57.48.10;811856377;0
8.30.57.49.11;811367103;0
8.30.57.53.11;811367052;0
8.30.57.55.11;914220825;0
8.30.57.56.18;914220844;0
8.30.57.57.69;914218942;0
8.30.57.58.69;914220954;0
8.30.57.59.07;914222650;0
8.30.57.60.18;914222625;0
8.30.57.61.69;914222750;0
8.30.57.62.69;914222766;0
8.30.57.63.11;914222790;0
8.30.57.64.69;914222807;0
8.30.57.65.69;914222829;0
8.30.57.66.07;914222854;0
8.30.57.67.07;914222878;0
8.30.57.68.10;914222899;0
8.30.74.01.01;812031860;0
8.30.74.02.10;812031873;0
8.30.74.03.10;812031844;0
8.30.74.04.06;914220519;0
8.30.74.05.76;914220548;0
8.30.74.06.06;914216847;0
8.30.74.07.76;914220559;0
8.30.92.03.69;809545284;0
8.30.92.14.00;811925233;0
8.30.92.15.00;811937858;0
8.30.92.16.00;811937987;0
8.30.92.19.00;812031900;0
8.30.92.20.00;812031914;0
8.30.92.24.10;914221234;0
8.30.92.25.69;914225339;0
8.30.92.26.69;914221263;0
8.30.92.27.69;914221290;0
8.30.92.28.69;914221305;0
8.30.92.29.69;914221321;0
8.30.92.30.69;914216930;0
8.30.94.08.00;812012357;0
8.30.94.10.00;811848883;0
8.30.94.12.00;811930806;0
8.30.94.13.17;914225998;0
8.30.94.14.08;914225975;0
8.30.96.01.00;811373716;0
8.30.96.02.00;811928849;0
8.50.128.02.00;811938027;0
8.60.171.01.16;914226127;0
8.60.171.02.06;914226136;0
8.60.171.03.07;914226143;0
8.60.171.04.18;914226151;0
8.60.171.05.07;914226051;0
8.60.171.06.18;914226059;0
8.60.171.07.16;914226169;0
8.60.171.08.07;914226072;0
8.60.171.09.06;914226086;0
8.60.171.10.18;914226096;0
8.60.171.11.18;914226107;0
8.60.171.12.10;914226118;0
8.61.130.01.06;811913812;0
8.61.130.02.06;811913912;0
8.61.130.03.10;811913891;0
8.61.130.04.07;811913774;0
8.61.130.05.18;811913932;0
8.61.130.07.11;811913968;0
8.61.130.15.07;811857774;0
8.61.130.16.06;811857782;0
8.61.130.17.10;811857788;0
8.61.130.18.00;811857795;0
8.61.130.20.18;811857810;0
8.61.130.21.11;811857817;0
8.61.130.22.07;811913469;0
8.61.130.23.06;811913509;0
8.61.130.24.10;811913531;0
8.61.130.25.00;811913598;0
8.61.130.27.18;811913637;0
8.61.130.28.11;811913689;0
8.61.130.50.07;811914097;0
8.61.130.51.08;811914160;0
8.61.130.52.10;811914182;0
8.61.130.53.08;811914192;0
8.61.130.54.02;811914220;0
8.61.130.55.18;811914224;0
8.61.130.56.11;811914268;0
8.61.130.57.07;811914281;0
8.61.130.58.06;811914300;0
8.61.130.59.10;811914329;0
8.61.130.60.00;811914385;0
8.61.130.62.18;811914424;0
8.61.130.63.11;811914457;0
8.67.103.01.10;914226291;0
8.67.103.02.07;914226239;0
8.67.170.02.76;914220148;0
8.67.23.01.07;914221569;0
8.67.23.02.18;914221582;0
8.67.33.01.07;809544438;0
8.67.33.02.00;809544982;0
8.67.33.03.00;812031826;0
8.67.57.01.11;812031781;0
8.04.03.21.10;811363424;-1
8.04.04.13.06;811851367;-1
8.24.47.10.18;809540217;-1
8.24.57.70.18;811996962;0
8.25.69.11.00;809540872;-1
